gameId,actionNumber,clock,period,teamId,teamTricode,personId,playerName,playerNameI,xLegacy,yLegacy,shotDistance,shotResult,isFieldGoal,scoreHome,scoreAway,pointsTotal,location,description,actionType,subType,videoAvailable,shotValue,actionId
0022401210,2,PT12M00.00S,1,0,,0,,,0,0,0,,0,0,0,0,,Start of 1st Period (8:11 PM EST),period,start,0,0,1
0022401210,4,PT12M00.00S,1,1610612750,MIN,203497,Gobert,R. Gobert,0,0,0,,0,,,0,h,Jump Ball Gobert vs. Davis: Tip to Randle,Jump Ball,,1,0,2
0022401210,7,PT11M39.00S,1,1610612750,MIN,203944,Randle,J. Randle,60,161,17,Made,1,2,0,2,h,Randle 17' Step Back Jump Shot (2 PTS),Made Shot,Step Back Jump shot,1,2,3
0022401210,8,PT11M19.00S,1,1610612747,LAL,1630559,Reaves,A. Reaves,29,65,7,Missed,1,,,0,v,MISS Reaves 7' Driving Floating Jump Shot,Missed Shot,Driving Floating Jump Shot,1,2,4
0022401210,9,PT11M17.00S,1,1610612750,MIN,1630183,McDaniels,J. McDaniels,0,0,0,,0,,,0,h,McDaniels REBOUND (Off:0 Def:1),Rebound,Unknown,1,0,5
0022401210,10,PT11M13.00S,1,1610612750,MIN,203944,Randle,J. Randle,194,156,25,Missed,1,,,0,h,MISS Randle 25' 3PT Running Pull-Up Jump Shot,Missed Shot,Running Pull-Up Jump Shot,1,3,6
0022401210,11,PT11M10.00S,1,0,,1610612747,,,0,0,0,,0,,,0,v,Lakers Rebound,Rebound,Unknown,0,0,7
0022401210,13,PT10M57.00S,1,1610612747,LAL,1629060,Hachimura,R. Hachimura,225,1,0,Missed,1,,,0,v,MISS Hachimura 3PT Jump Shot,Missed Shot,Jump Shot,1,3,8
0022401210,14,PT10M55.00S,1,1610612750,MIN,203944,Randle,J. Randle,0,0,0,,0,,,0,h,Randle REBOUND (Off:0 Def:1),Rebound,Unknown,1,0,9
0022401210,15,PT10M47.00S,1,1610612750,MIN,1630162,Edwards,A. Edwards,76,235,25,Missed,1,,,0,h,MISS Edwards 25' 3PT Jump Shot,Missed Shot,Jump Shot,1,3,10
0022401210,16,PT10M43.00S,1,1610612747,LAL,1630559,Reaves,A. Reaves,0,0,0,,0,,,0,v,Reaves REBOUND (Off:0 Def:1),Rebound,Unknown,1,0,11
0022401210,17,PT10M32.00S,1,1610612747,LAL,1630559,Reaves,A. Reaves,-24,19,3,Missed,1,,,0,v,MISS Reaves 3' Reverse Layup,Missed Shot,Reverse Layup Shot,1,2,12
0022401210,17,PT10M32.00S,1,1610612750,MIN,203497,Gobert,R. Gobert,0,0,0,,0,,,0,h,Gobert BLOCK (1 BLK),,,1,2,13
0022401210,19,PT10M30.00S,1,1610612750,MIN,201144,Conley,M. Conley,0,0,0,,0,,,0,h,Conley REBOUND (Off:0 Def:1),Rebound,Unknown,1,0,14
0022401210,20,PT10M27.00S,1,1610612750,MIN,1630162,Edwards,A. Edwards,-6,17,2,Made,1,4,0,4,h,Edwards 2' Running Layup (2 PTS) (Conley 1 AST),Made Shot,Running Layup Shot,1,2,15
0022401210,22,PT10M27.00S,1,1610612747,LAL,1631108,Christie,M. Christie,0,0,0,,0,,,0,v,Christie S.FOUL (P1.T1) (P.Ransom),Foul,Shooting,1,0,16
0022401210,24,PT10M27.00S,1,1610612750,MIN,1630162,Edwards,A. Edwards,0,0,0,,0,,,0,h,MISS Edwards Free Throw 1 of 1,Free Throw,Free Throw 1 of 1,1,0,17
0022401210,25,PT10M25.00S,1,1610612747,LAL,1629060,Hachimura,R. Hachimura,0,0,0,,0,,,0,v,Hachimura REBOUND (Off:0 Def:1),Rebound,Unknown,1,0,18
0022401210,26,PT10M15.00S,1,1610612747,LAL,1629216,Vincent,G. Vincent,0,0,0,,0,,,0,v,Vincent Bad Pass Turnover (P1.T1),Turnover,Bad Pass,1,0,19
0022401210,26,PT10M15.00S,1,1610612750,MIN,1630183,McDaniels,J. McDaniels,0,0,0,,0,,,0,h,McDaniels STEAL (1 STL),,,1,0,20
0022401210,28,PT10M12.00S,1,1610612750,MIN,1630183,McDaniels,J. McDaniels,-9,16,2,Made,1,6,0,6,h,McDaniels 2' Running Finger Roll Layup (2 PTS) (Conley 2 AST),Made Shot,Running Finger Roll Layup Shot,1,2,21
0022401210,30,PT10M00.00S,1,1610612750,MIN,203497,Gobert,R. Gobert,0,0,0,,0,,,0,h,Gobert P.FOUL (P1.T1) (M.Davis),Foul,Personal,1,0,22
0022401210,32,PT09M51.00S,1,1610612747,LAL,1631108,Christie,M. Christie,196,155,25,Made,1,6,3,9,v,Christie 25' 3PT Jump Shot (3 PTS) (Reaves 1 AST),Made Shot,Jump Shot,1,3,23
0022401210,34,PT09M35.00S,1,1610612750,MIN,203497,Gobert,R. Gobert,36,126,13,Missed,1,,,0,h,MISS Gobert 13' Jump Shot,Missed Shot,Jump Shot,1,2,24
0022401210,35,PT09M33.00S,1,1610612747,LAL,203076,Davis,A. Davis,0,0,0,,0,,,0,v,Davis REBOUND (Off:0 Def:1),Rebound,Unknown,1,0,25
0022401210,36,PT09M29.00S,1,1610612747,LAL,203076,Davis,A. Davis,0,0,0,,0,,,0,v,Davis Out of Bounds - Bad Pass Turnover Turnover (P1.T2),Turnover,Out of Bounds - Bad Pass Turnover,1,0,26
0022401210,37,PT09M16.00S,1,1610612750,MIN,201144,Conley,M. Conley,-12,90,9,Missed,1,,,0,h,MISS Conley 9' Floating Jump Shot,Missed Shot,Floating Jump shot,1,2,27
0022401210,38,PT09M14.00S,1,1610612747,LAL,1629060,Hachimura,R. Hachimura,0,0,0,,0,,,0,v,Hachimura REBOUND (Off:0 Def:2),Rebound,Unknown,1,0,28
0022401210,39,PT09M04.00S,1,1610612747,LAL,1631108,Christie,M. Christie,11,20,2,Made,1,6,5,11,v,Christie 2' Driving Layup (5 PTS) (Hachimura 1 AST),Made Shot,Driving Layup Shot,1,2,29
0022401210,41,PT08M53.00S,1,1610612750,MIN,1630162,Edwards,A. Edwards,-113,221,25,Missed,1,,,0,h,MISS Edwards 25' 3PT Pullup Jump Shot,Missed Shot,Pullup Jump shot,1,3,30
0022401210,42,PT08M50.00S,1,1610612747,LAL,1629216,Vincent,G. Vincent,0,0,0,,0,,,0,v,Vincent REBOUND (Off:0 Def:1),Rebound,Unknown,1,0,31
0022401210,43,PT08M39.00S,1,1610612747,LAL,1629216,Vincent,G. Vincent,-62,90,11,Missed,1,,,0,v,MISS Vincent 11' Driving Floating Jump Shot,Missed Shot,Driving Floating Jump Shot,1,2,32
0022401210,45,PT08M36.00S,1,1610612747,LAL,1631108,Christie,M. Christie,0,0,0,,0,,,0,v,Christie REBOUND (Off:1 Def:0),Rebound,Unknown,1,0,33
0022401210,46,PT08M36.00S,1,1610612747,LAL,1631108,Christie,M. Christie,0,0,0,,0,,,0,v,Christie Step Out of Bounds Turnover (P1.T3),Turnover,Step Out of Bounds Turnover,1,0,34
0022401210,47,PT08M23.00S,1,1610612750,MIN,1630162,Edwards,A. Edwards,-222,69,0,Made,1,9,5,14,h,Edwards 3PT Jump Shot (5 PTS) (Conley 3 AST),Made Shot,Jump Shot,1,3,35
0022401210,49,PT08M13.00S,1,1610612747,LAL,1629216,Vincent,G. Vincent,0,0,0,,0,,,0,v,Vincent Out of Bounds Lost Ball Turnover (P2.T4),Turnover,Out of Bounds Lost Ball Turnover,1,0,36
0022401210,50,PT08M02.00S,1,1610612750,MIN,1630183,McDaniels,J. McDaniels,-92,236,25,Made,1,12,5,17,h,McDaniels 25' 3PT Jump Shot (5 PTS) (Conley 4 AST),Made Shot,Jump Shot,1,3,37
0022401210,52,PT07M52.00S,1,0,,1610612747,,,0,0,0,,0,,,0,v,Lakers Timeout: Regular (Reg.1 Short 0),Timeout,Regular,0,0,38
0022401210,53,PT07M45.00S,1,1610612747,LAL,203076,Davis,A. Davis,-71,131,15,Made,1,12,7,19,v,Davis 15' Jump Shot (2 PTS) (Vincent 1 AST),Made Shot,Jump Shot,1,2,39
0022401210,55,PT07M30.00S,1,1610612750,MIN,201144,Conley,M. Conley,112,222,25,Missed,1,,,0,h,MISS Conley 25' 3PT Step Back Jump Shot,Missed Shot,Step Back Jump shot,1,3,40
0022401210,56,PT07M27.00S,1,1610612747,LAL,1630559,Reaves,A. Reaves,0,0,0,,0,,,0,v,Reaves REBOUND (Off:0 Def:2),Rebound,Unknown,1,0,41
0022401210,57,PT07M21.00S,1,1610612747,LAL,203076,Davis,A. Davis,0,0,0,,0,,,0,v,Davis Lost Ball Turnover (P2.T5),Turnover,Lost Ball,1,0,42
0022401210,57,PT07M21.00S,1,1610612750,MIN,1630183,McDaniels,J. McDaniels,0,0,0,,0,,,0,h,McDaniels STEAL (2 STL),,,1,0,43
0022401210,59,PT07M17.00S,1,1610612750,MIN,1630183,McDaniels,J. McDaniels,5,20,2,Missed,1,,,0,h,MISS McDaniels 2' Running Layup,Missed Shot,Running Layup Shot,1,2,44
0022401210,60,PT07M15.00S,1,1610612750,MIN,1630183,McDaniels,J. McDaniels,0,0,0,,0,,,0,h,McDaniels REBOUND (Off:1 Def:1),Rebound,Unknown,1,0,45
0022401210,61,PT07M12.00S,1,1610612750,MIN,203944,Randle,J. Randle,-102,229,25,Missed,1,,,0,h,MISS Randle 25' 3PT Jump Shot,Missed Shot,Jump Shot,1,3,46
0022401210,62,PT07M10.00S,1,1610612747,LAL,1630559,Reaves,A. Reaves,0,0,0,,0,,,0,v,Reaves REBOUND (Off:0 Def:3),Rebound,Unknown,1,0,47
0022401210,63,PT06M58.00S,1,1610612747,LAL,203076,Davis,A. Davis,2,164,16,Made,1,12,9,21,v,Davis 16' Jump Shot (4 PTS) (Reaves 2 AST),Made Shot,Jump Shot,1,2,48
0022401210,65,PT06M38.00S,1,1610612750,MIN,203944,Randle,J. Randle,-3,55,6,Made,1,14,9,23,h,Randle 6' Turnaround Fadeaway (4 PTS),Made Shot,Turnaround Fadeaway shot,1,2,49
0022401210,66,PT06M20.00S,1,1610612747,LAL,1630559,Reaves,A. Reaves,0,0,0,,0,,,0,v,Reaves Bad Pass Turnover (P1.T6),Turnover,Bad Pass,1,0,50
0022401210,66,PT06M20.00S,1,1610612750,MIN,1630183,McDaniels,J. McDaniels,0,0,0,,0,,,0,h,McDaniels STEAL (3 STL),,,1,0,51
0022401210,69,PT06M04.00S,1,1610612750,MIN,201144,Conley,M. Conley,0,0,0,,0,,,0,h,SUB: Alexander-Walker FOR Conley,Substitution,,0,0,52
0022401210,70,PT06M04.00S,1,1610612750,MIN,203944,Randle,J. Randle,0,0,0,,0,,,0,h,SUB: Reid FOR Randle,Substitution,,0,0,53
0022401210,71,PT06M04.00S,1,1610612747,LAL,1630559,Reaves,A. Reaves,0,0,0,,0,,,0,v,SUB: Russell FOR Reaves,Substitution,,0,0,54
0022401210,72,PT06M04.00S,1,1610612747,LAL,1629216,Vincent,G. Vincent,0,0,0,,0,,,0,v,SUB: Knecht FOR Vincent,Substitution,,0,0,55
0022401210,77,PT05M56.00S,1,1610612750,MIN,1629638,Alexander-Walker,N. Alexander-Walker,-227,-10,0,Missed,1,,,0,h,MISS Alexander-Walker 3PT Jump Shot,Missed Shot,Jump Shot,1,3,56
0022401210,78,PT05M54.00S,1,1610612747,LAL,1629060,Hachimura,R. Hachimura,0,0,0,,0,,,0,v,Hachimura REBOUND (Off:0 Def:3),Rebound,Unknown,1,0,57
0022401210,79,PT05M44.00S,1,1610612747,LAL,203076,Davis,A. Davis,26,78,8,Made,1,14,11,25,v,Davis 8' Floating Jump Shot (6 PTS),Made Shot,Floating Jump shot,1,2,58
0022401210,80,PT05M32.00S,1,1610612750,MIN,1630183,McDaniels,J. McDaniels,154,199,25,Missed,1,,,0,h,MISS McDaniels 25' 3PT Step Back Jump Shot,Missed Shot,Step Back Jump shot,1,3,59
0022401210,81,PT05M28.00S,1,1610612747,LAL,203076,Davis,A. Davis,0,0,0,,0,,,0,v,Davis REBOUND (Off:0 Def:2),Rebound,Unknown,1,0,60
0022401210,82,PT05M25.00S,1,1610612750,MIN,1629638,Alexander-Walker,N. Alexander-Walker,0,0,0,,0,,,0,h,Alexander-Walker S.FOUL (P1.T2) (A.Smith),Foul,Shooting,1,0,61
0022401210,84,PT05M25.00S,1,1610612747,LAL,1629060,Hachimura,R. Hachimura,0,0,0,,0,14,12,26,v,Hachimura Free Throw 1 of 2 (1 PTS),Free Throw,Free Throw 1 of 2,1,0,62
0022401210,85,PT05M25.00S,1,1610612747,LAL,1629060,Hachimura,R. Hachimura,0,0,0,,0,,,0,v,MISS Hachimura Free Throw 2 of 2,Free Throw,Free Throw 2 of 2,1,0,63
0022401210,86,PT05M24.00S,1,1610612750,MIN,203497,Gobert,R. Gobert,0,0,0,,0,,,0,h,Gobert REBOUND (Off:0 Def:1),Rebound,Unknown,1,0,64
0022401210,87,PT05M08.00S,1,1610612750,MIN,1630162,Edwards,A. Edwards,32,117,12,Missed,1,,,0,h,MISS Edwards 12' Turnaround Fadeaway Shot,Missed Shot,Turnaround Fadeaway shot,1,2,65
0022401210,88,PT05M05.00S,1,1610612750,MIN,203497,Gobert,R. Gobert,0,0,0,,0,,,0,h,Gobert REBOUND (Off:1 Def:1),Rebound,Unknown,1,0,66
0022401210,89,PT05M05.00S,1,1610612750,MIN,203497,Gobert,R. Gobert,-5,10,1,Made,1,16,12,28,h,Gobert 1' Putback Dunk (2 PTS),Made Shot,Putback Dunk Shot,1,2,67
0022401210,90,PT05M00.00S,1,1610612747,LAL,1629060,Hachimura,R. Hachimura,0,0,0,,0,,,0,v,Hachimura Bad Pass Turnover (P1.T7),Turnover,Bad Pass,1,0,68
0022401210,90,PT05M00.00S,1,1610612750,MIN,1630183,McDaniels,J. McDaniels,0,0,0,,0,,,0,h,McDaniels STEAL (4 STL),,,1,0,69
0022401210,92,PT04M59.00S,1,1610612750,MIN,1630183,McDaniels,J. McDaniels,-5,17,2,Made,1,18,12,30,h,McDaniels 2' Running Dunk (7 PTS),Made Shot,Running Dunk Shot,1,2,70
0022401210,93,PT04M35.00S,1,1610612747,LAL,203076,Davis,A. Davis,-224,8,0,Missed,1,,,0,v,MISS Davis 3PT Jump Shot,Missed Shot,Jump Shot,1,3,71
0022401210,94,PT04M31.00S,1,1610612747,LAL,1629060,Hachimura,R. Hachimura,0,0,0,,0,,,0,v,Hachimura REBOUND (Off:1 Def:3),Rebound,Unknown,1,0,72
0022401210,95,PT04M31.00S,1,1610612747,LAL,1629060,Hachimura,R. Hachimura,0,0,0,Missed,1,,,0,v,MISS Hachimura Tip Layup Shot,Missed Shot,Tip Layup Shot,1,2,73
0022401210,96,PT04M30.00S,1,1610612747,LAL,1642261,Knecht,D. Knecht,0,0,0,,0,,,0,v,Knecht REBOUND (Off:1 Def:0),Rebound,Unknown,1,0,74
0022401210,97,PT04M26.00S,1,1610612747,LAL,1642261,Knecht,D. Knecht,-18,125,13,Made,1,18,14,32,v,Knecht 13' Pullup Jump Shot (2 PTS),Made Shot,Pullup Jump shot,1,2,75
0022401210,98,PT04M13.00S,1,1610612750,MIN,1630162,Edwards,A. Edwards,0,0,0,,0,,,0,h,Edwards Discontinue Dribble Turnover (P1.T1),Turnover,Discontinue Dribble,1,0,76
0022401210,99,PT04M13.00S,1,1610612747,LAL,1631108,Christie,M. Christie,0,0,0,,0,,,0,v,SUB: Reddish FOR Christie,Substitution,,0,0,77
0022401210,101,PT03M57.00S,1,1610612747,LAL,1626156,Russell,D. Russell,-29,34,4,Missed,1,,,0,v,MISS Russell 4' Driving Layup,Missed Shot,Driving Layup Shot,1,2,78
0022401210,102,PT03M52.00S,1,1610612750,MIN,1630183,McDaniels,J. McDaniels,0,0,0,,0,,,0,h,McDaniels REBOUND (Off:1 Def:2),Rebound,Unknown,1,0,79
0022401210,103,PT03M48.00S,1,1610612750,MIN,1629675,Reid,N. Reid,228,-15,0,Made,1,21,14,35,h,Reid 3PT Jump Shot (3 PTS) (Alexander-Walker 1 AST),Made Shot,Jump Shot,1,3,80
0022401210,105,PT03M39.00S,1,1610612747,LAL,1626156,Russell,D. Russell,0,0,0,,0,,,0,v,Russell OFF.Foul (P1) (A.Smith),Foul,Offensive,1,0,81
0022401210,107,PT03M39.00S,1,1610612747,LAL,1626156,Russell,D. Russell,0,0,0,,0,,,0,v,Russell Offensive Foul Turnover (P1.T8),Turnover,Offensive Foul Turnover,1,0,82
0022401210,108,PT03M39.00S,1,0,,1610612750,,,0,0,0,,0,,,0,h,TIMBERWOLVES Timeout: Regular (Full 1 Short 0),Timeout,Regular,0,0,83
0022401210,109,PT03M39.00S,1,1610612750,MIN,1630162,Edwards,A. Edwards,0,0,0,,0,,,0,h,Edwards T.FOUL (P0.T2) (M.Davis),Foul,Technical,1,0,84
0022401210,110,PT03M39.00S,1,1610612750,MIN,1630183,McDaniels,J. McDaniels,0,0,0,,0,,,0,h,SUB: DiVincenzo FOR McDaniels,Substitution,,0,0,85
0022401210,111,PT03M39.00S,1,1610612750,MIN,203497,Gobert,R. Gobert,0,0,0,,0,,,0,h,SUB: Randle FOR Gobert,Substitution,,0,0,86
0022401210,114,PT03M39.00S,1,1610612747,LAL,1642261,Knecht,D. Knecht,0,0,0,,0,21,15,36,v,Knecht Free Throw Technical (3 PTS),Free Throw,Free Throw Technical,1,0,87
0022401210,115,PT03M26.00S,1,1610612747,LAL,1626156,Russell,D. Russell,0,0,0,,0,,,0,v,Russell S.FOUL (P2.T2) (A.Smith),Foul,Shooting,1,0,88
0022401210,118,PT03M26.00S,1,1610612750,MIN,1629675,Reid,N. Reid,0,0,0,,0,22,15,37,h,Reid Free Throw 1 of 2 (4 PTS),Free Throw,Free Throw 1 of 2,1,0,89
0022401210,119,PT03M26.00S,1,1610612750,MIN,1629675,Reid,N. Reid,0,0,0,,0,23,15,38,h,Reid Free Throw 2 of 2 (5 PTS),Free Throw,Free Throw 2 of 2,1,0,90
0022401210,120,PT03M04.00S,1,1610612747,LAL,203076,Davis,A. Davis,-126,122,18,Missed,1,,,0,v,MISS Davis 18' Fadeaway Jumper,Missed Shot,Fadeaway Jump Shot,1,2,91
0022401210,121,PT03M02.00S,1,1610612747,LAL,1629629,Reddish,C. Reddish,0,0,0,,0,,,0,v,Reddish REBOUND (Off:1 Def:0),Rebound,Unknown,1,0,92
0022401210,122,PT03M02.00S,1,0,,1610612747,,,0,0,0,,0,,,0,v,Lakers Turnover: Shot Clock (T#9),Turnover,Shot Clock Turnover,1,0,93
0022401210,123,PT02M49.00S,1,1610612750,MIN,1630162,Edwards,A. Edwards,23,46,5,Made,1,25,15,40,h,Edwards 5' Driving Bank Hook Shot (7 PTS),Made Shot,Driving Bank Hook Shot,1,2,94
0022401210,124,PT02M33.00S,1,1610612750,MIN,203944,Randle,J. Randle,0,0,0,,0,,,0,h,Randle S.FOUL (P1.T3) (A.Smith),Foul,Shooting,1,0,95
0022401210,126,PT02M33.00S,1,1610612747,LAL,203076,Davis,A. Davis,0,0,0,,0,,,0,v,MISS Davis Free Throw 1 of 2,Free Throw,Free Throw 1 of 2,1,0,96
0022401210,127,PT02M33.00S,1,0,,1610612747,,,0,0,0,,0,,,0,v,Lakers Rebound,Rebound,Normal Rebound,0,0,97
0022401210,128,PT02M33.00S,1,1610612750,MIN,1630162,Edwards,A. Edwards,0,0,0,,0,,,0,h,SUB: Dillingham FOR Edwards,Substitution,,0,0,98
0022401210,129,PT02M33.00S,1,1610612747,LAL,1629060,Hachimura,R. Hachimura,0,0,0,,0,,,0,v,SUB: Christie FOR Hachimura,Substitution,,0,0,99
0022401210,132,PT02M33.00S,1,1610612747,LAL,203076,Davis,A. Davis,0,0,0,,0,25,16,41,v,Davis Free Throw 2 of 2 (7 PTS),Free Throw,Free Throw 2 of 2,1,0,100
0022401210,133,PT02M15.00S,1,1610612747,LAL,1629629,Reddish,C. Reddish,0,0,0,,0,,,0,v,Reddish S.FOUL (P1.T3) (A.Smith),Foul,Shooting,1,0,101
0022401210,135,PT02M15.00S,1,1610612750,MIN,203944,Randle,J. Randle,0,0,0,,0,26,16,42,h,Randle Free Throw 1 of 2 (5 PTS),Free Throw,Free Throw 1 of 2,1,0,102
0022401210,136,PT02M15.00S,1,1610612750,MIN,203944,Randle,J. Randle,0,0,0,,0,27,16,43,h,Randle Free Throw 2 of 2 (6 PTS),Free Throw,Free Throw 2 of 2,1,0,103
0022401210,137,PT02M04.00S,1,1610612747,LAL,1626156,Russell,D. Russell,0,0,0,,0,,,0,v,Russell OFF.Foul (P3) (M.Davis),Foul,Offensive,1,0,104
0022401210,139,PT02M04.00S,1,1610612747,LAL,1626156,Russell,D. Russell,0,0,0,,0,,,0,v,Russell Offensive Foul Turnover (P2.T10),Turnover,Offensive Foul Turnover,1,0,105
0022401210,140,PT02M04.00S,1,1610612747,LAL,1626156,Russell,D. Russell,0,0,0,,0,,,0,v,SUB: Koloko FOR Russell,Substitution,,0,0,106
0022401210,141,PT02M04.00S,1,1610612747,LAL,203076,Davis,A. Davis,0,0,0,,0,,,0,v,SUB: Reaves FOR Davis,Substitution,,0,0,107
0022401210,144,PT01M49.00S,1,1610612750,MIN,203944,Randle,J. Randle,-21,26,3,Made,1,29,16,45,h,Randle 3' Driving Layup (8 PTS),Made Shot,Driving Layup Shot,1,2,108
0022401210,146,PT01M32.00S,1,1610612747,LAL,1630559,Reaves,A. Reaves,0,131,13,Missed,1,,,0,v,MISS Reaves 13' Jump Shot,Missed Shot,Jump Shot,1,2,109
0022401210,147,PT01M24.00S,1,1610612750,MIN,1629638,Alexander-Walker,N. Alexander-Walker,0,0,0,,0,,,0,h,Alexander-Walker REBOUND (Off:0 Def:1),Rebound,Unknown,1,0,110
0022401210,148,PT01M22.00S,1,1610612750,MIN,1629675,Reid,N. Reid,0,0,0,,0,,,0,h,Reid Lost Ball Turnover (P1.T2),Turnover,Lost Ball,1,0,111
0022401210,148,PT01M22.00S,1,1610612747,LAL,1631108,Christie,M. Christie,0,0,0,,0,,,0,v,Christie STEAL (1 STL),,,1,0,112
0022401210,150,PT01M19.00S,1,1610612747,LAL,1631108,Christie,M. Christie,1,11,1,Made,1,29,18,47,v,Christie 1' Running Layup (7 PTS),Made Shot,Running Layup Shot,1,2,113
0022401210,151,PT01M19.00S,1,1610612750,MIN,1629675,Reid,N. Reid,0,0,0,,0,,,0,h,Reid Violation:Defensive Goaltending (P.Ransom),Violation,Defensive Goaltending,1,0,114
0022401210,152,PT01M04.00S,1,1610612750,MIN,1628978,DiVincenzo,D. DiVincenzo,138,218,26,Made,1,32,18,50,h,DiVincenzo 26' 3PT Jump Shot (3 PTS) (Randle 1 AST),Made Shot,Jump Shot,1,3,115
0022401210,154,PT00M49.90S,1,1610612747,LAL,1629629,Reddish,C. Reddish,-28,41,5,Made,1,32,20,52,v,Reddish 5' Driving Layup (2 PTS),Made Shot,Driving Layup Shot,1,2,116
0022401210,155,PT00M49.90S,1,1610612750,MIN,1629675,Reid,N. Reid,0,0,0,,0,,,0,h,Reid S.FOUL (P1.T4) (P.Ransom),Foul,Shooting,1,0,117
0022401210,157,PT00M49.90S,1,1610612747,LAL,1629629,Reddish,C. Reddish,0,0,0,,0,32,21,53,v,Reddish Free Throw 1 of 1 (3 PTS),Free Throw,Free Throw 1 of 1,1,0,118
0022401210,158,PT00M34.30S,1,1610612750,MIN,1629638,Alexander-Walker,N. Alexander-Walker,0,0,0,,0,,,0,h,Alexander-Walker Out of Bounds - Bad Pass Turnover Turnover (P1.T3),Turnover,Out of Bounds - Bad Pass Turnover,1,0,119
0022401210,159,PT00M17.20S,1,1610612747,LAL,1642261,Knecht,D. Knecht,0,0,0,,0,,,0,v,Knecht Lost Ball Turnover (P1.T11),Turnover,Lost Ball,1,0,120
0022401210,159,PT00M17.20S,1,1610612750,MIN,1628978,DiVincenzo,D. DiVincenzo,0,0,0,,0,,,0,h,DiVincenzo STEAL (1 STL),,,1,0,121
0022401210,161,PT00M14.50S,1,1610612750,MIN,1628978,DiVincenzo,D. DiVincenzo,229,98,25,Missed,1,,,0,h,MISS DiVincenzo 25' 3PT Running Jump Shot,Missed Shot,Running Jump Shot,1,3,122
0022401210,162,PT00M12.30S,1,1610612747,LAL,1642261,Knecht,D. Knecht,0,0,0,,0,,,0,v,Knecht REBOUND (Off:1 Def:1),Rebound,Unknown,1,0,123
0022401210,163,PT00M02.40S,1,1610612750,MIN,1629675,Reid,N. Reid,0,0,0,,0,,,0,h,Reid Violation:Kicked Ball (A.Smith),Violation,Kicked Ball,0,0,124
0022401210,164,PT00M00.70S,1,1610612750,MIN,203944,Randle,J. Randle,0,0,0,,0,,,0,h,Randle P.FOUL (P2.PN) (M.Davis),Foul,Personal,1,0,125
0022401210,166,PT00M00.70S,1,1610612747,LAL,1630559,Reaves,A. Reaves,0,0,0,,0,32,22,54,v,Reaves Free Throw 1 of 2 (1 PTS),Free Throw,Free Throw 1 of 2,1,0,126
0022401210,167,PT00M00.70S,1,1610612747,LAL,1630559,Reaves,A. Reaves,0,0,0,,0,32,23,55,v,Reaves Free Throw 2 of 2 (2 PTS),Free Throw,Free Throw 2 of 2,1,0,127
0022401210,168,PT00M00.00S,1,0,,0,,,0,0,0,,0,32,23,55,,End of 1st Period (8:38 PM EST),period,end,1,0,128
0022401210,173,PT12M00.00S,2,0,,0,,,0,0,0,,0,32,23,55,,Start of 2nd Period (8:41 PM EST),period,start,0,0,129
0022401210,174,PT11M51.00S,2,1610612747,LAL,1631108,Christie,M. Christie,0,0,0,,0,,,0,v,Christie Bad Pass Turnover (P2.T12),Turnover,Bad Pass,1,0,130
0022401210,174,PT11M51.00S,2,1610612750,MIN,203497,Gobert,R. Gobert,0,0,0,,0,,,0,h,Gobert STEAL (1 STL),,,1,0,131
0022401210,176,PT11M46.00S,2,1610612750,MIN,201144,Conley,M. Conley,223,69,0,Missed,1,,,0,h,MISS Conley 3PT Running Jump Shot,Missed Shot,Running Jump Shot,1,3,132
0022401210,177,PT11M42.00S,2,1610612747,LAL,1642261,Knecht,D. Knecht,0,0,0,,0,,,0,v,Knecht REBOUND (Off:1 Def:2),Rebound,Unknown,1,0,133
0022401210,178,PT11M31.00S,2,1610612747,LAL,1630559,Reaves,A. Reaves,-214,134,25,Missed,1,,,0,v,MISS Reaves 25' 3PT Jump Shot,Missed Shot,Jump Shot,1,3,134
0022401210,179,PT11M28.00S,2,1610612750,MIN,1628978,DiVincenzo,D. DiVincenzo,0,0,0,,0,,,0,h,DiVincenzo REBOUND (Off:0 Def:1),Rebound,Unknown,1,0,135
0022401210,180,PT11M20.00S,2,1610612750,MIN,1629638,Alexander-Walker,N. Alexander-Walker,-22,26,3,Missed,1,,,0,h,MISS Alexander-Walker 3' Driving Layup,Missed Shot,Driving Layup Shot,1,2,136
0022401210,181,PT11M18.00S,2,1610612747,LAL,1631132,Koloko,C. Koloko,0,0,0,,0,,,0,v,Koloko REBOUND (Off:0 Def:1),Rebound,Unknown,1,0,137
0022401210,182,PT11M08.00S,2,1610612747,LAL,1630559,Reaves,A. Reaves,13,11,2,Made,1,32,25,57,v,Reaves 2' Driving Layup (4 PTS) (Christie 1 AST),Made Shot,Driving Layup Shot,1,2,138
0022401210,183,PT10M48.00S,2,1610612750,MIN,1629675,Reid,N. Reid,72,34,8,Missed,1,,,0,h,MISS Reid 8' Driving Floating Bank Jump Shot,Missed Shot,Driving Floating Bank Jump Shot,1,2,139
0022401210,185,PT10M46.00S,2,1610612747,LAL,1631132,Koloko,C. Koloko,0,0,0,,0,,,0,v,Koloko REBOUND (Off:0 Def:2),Rebound,Unknown,1,0,140
0022401210,186,PT10M39.00S,2,1610612747,LAL,1630559,Reaves,A. Reaves,9,10,1,Made,1,32,27,59,v,Reaves 1' Driving Finger Roll Layup (6 PTS),Made Shot,Driving Finger Roll Layup Shot,1,2,141
0022401210,188,PT10M23.00S,2,1610612750,MIN,203497,Gobert,R. Gobert,2,15,2,Missed,1,,,0,h,MISS Gobert 2' Driving Layup,Missed Shot,Driving Layup Shot,1,2,142
0022401210,189,PT10M23.00S,2,1610612747,LAL,1631108,Christie,M. Christie,0,0,0,,0,,,0,v,Christie REBOUND (Off:1 Def:1),Rebound,Unknown,1,0,143
0022401210,190,PT10M15.00S,2,1610612747,LAL,1630559,Reaves,A. Reaves,126,216,25,Missed,1,,,0,v,MISS Reaves 25' 3PT Jump Shot,Missed Shot,Jump Shot,1,3,144
0022401210,191,PT10M11.00S,2,1610612750,MIN,1628978,DiVincenzo,D. DiVincenzo,0,0,0,,0,,,0,h,DiVincenzo REBOUND (Off:0 Def:2),Rebound,Unknown,1,0,145
0022401210,192,PT10M07.00S,2,1610612750,MIN,1629638,Alexander-Walker,N. Alexander-Walker,-153,200,25,Missed,1,,,0,h,MISS Alexander-Walker 25' 3PT Running Jump Shot,Missed Shot,Running Jump Shot,1,3,146
0022401210,193,PT10M04.00S,2,1610612747,LAL,1642261,Knecht,D. Knecht,0,0,0,,0,,,0,v,Knecht REBOUND (Off:1 Def:3),Rebound,Unknown,1,0,147
0022401210,194,PT09M49.00S,2,1610612747,LAL,1642261,Knecht,D. Knecht,105,226,25,Missed,1,,,0,v,MISS Knecht 25' 3PT Jump Shot,Missed Shot,Jump Shot,1,3,148
0022401210,195,PT09M46.00S,2,1610612750,MIN,203497,Gobert,R. Gobert,0,0,0,,0,,,0,h,Gobert REBOUND (Off:1 Def:2),Rebound,Unknown,1,0,149
0022401210,196,PT09M28.00S,2,1610612750,MIN,1629638,Alexander-Walker,N. Alexander-Walker,228,0,0,Missed,1,,,0,h,MISS Alexander-Walker 3PT Jump Shot,Missed Shot,Jump Shot,0,3,150
0022401210,197,PT09M26.00S,2,1610612750,MIN,203497,Gobert,R. Gobert,0,0,0,,0,,,0,h,Gobert REBOUND (Off:2 Def:2),Rebound,Unknown,0,0,151
0022401210,198,PT09M26.00S,2,1610612747,LAL,1631108,Christie,M. Christie,0,0,0,,0,,,0,v,Christie S.FOUL (P2.T1) (P.Ransom),Foul,Shooting,0,0,152
0022401210,200,PT09M26.00S,2,1610612750,MIN,203497,Gobert,R. Gobert,0,0,0,,0,33,27,60,h,Gobert Free Throw 1 of 2 (3 PTS),Free Throw,Free Throw 1 of 2,1,0,153
0022401210,201,PT09M26.00S,2,1610612750,MIN,1629638,Alexander-Walker,N. Alexander-Walker,0,0,0,,0,,,0,h,SUB: McDaniels FOR Alexander-Walker,Substitution,,0,0,154
0022401210,202,PT09M26.00S,2,1610612747,LAL,1629629,Reddish,C. Reddish,0,0,0,,0,,,0,v,SUB: Vincent FOR Reddish,Substitution,,0,0,155
0022401210,203,PT09M26.00S,2,1610612747,LAL,1630559,Reaves,A. Reaves,0,0,0,,0,,,0,v,SUB: Hachimura FOR Reaves,Substitution,,0,0,156
0022401210,207,PT09M26.00S,2,1610612750,MIN,203497,Gobert,R. Gobert,0,0,0,,0,,,0,h,MISS Gobert Free Throw 2 of 2,Free Throw,Free Throw 2 of 2,1,0,157
0022401210,208,PT09M24.00S,2,1610612747,LAL,1642261,Knecht,D. Knecht,0,0,0,,0,,,0,v,Knecht REBOUND (Off:1 Def:4),Rebound,Unknown,1,0,158
0022401210,209,PT09M12.00S,2,1610612750,MIN,201144,Conley,M. Conley,0,0,0,,0,,,0,h,Conley Violation:Kicked Ball (M.Davis),Violation,Kicked Ball,0,0,159
0022401210,210,PT09M01.00S,2,1610612747,LAL,1629060,Hachimura,R. Hachimura,25,88,9,Missed,1,,,0,v,MISS Hachimura 9' Pullup Jump Shot,Missed Shot,Pullup Jump shot,1,2,160
0022401210,211,PT08M58.00S,2,1610612750,MIN,1629675,Reid,N. Reid,0,0,0,,0,,,0,h,Reid REBOUND (Off:0 Def:1),Rebound,Unknown,1,0,161
0022401210,212,PT08M50.00S,2,1610612750,MIN,1629675,Reid,N. Reid,25,20,3,Missed,1,,,0,h,MISS Reid 3' Driving Layup,Missed Shot,Driving Layup Shot,1,2,162
0022401210,214,PT08M48.00S,2,1610612750,MIN,203497,Gobert,R. Gobert,0,0,0,,0,,,0,h,Gobert REBOUND (Off:3 Def:2),Rebound,Unknown,1,0,163
0022401210,215,PT08M47.00S,2,1610612750,MIN,203497,Gobert,R. Gobert,13,17,2,Missed,1,,,0,h,MISS Gobert 2' Putback Dunk,Missed Shot,Putback Dunk Shot,1,2,164
0022401210,216,PT08M45.00S,2,1610612747,LAL,1631132,Koloko,C. Koloko,0,0,0,,0,,,0,v,Koloko REBOUND (Off:0 Def:3),Rebound,Unknown,1,0,165
0022401210,217,PT08M35.00S,2,1610612747,LAL,1642261,Knecht,D. Knecht,49,90,10,Made,1,33,29,62,v,Knecht 10' Jump Shot (5 PTS) (Hachimura 2 AST),Made Shot,Jump Shot,1,2,166
0022401210,218,PT08M18.00S,2,1610612750,MIN,1629675,Reid,N. Reid,-21,37,4,Missed,1,,,0,h,MISS Reid 4' Layup,Missed Shot,Layup Shot,1,2,167
0022401210,218,PT08M18.00S,2,1610612747,LAL,1631132,Koloko,C. Koloko,0,0,0,,0,,,0,v,Koloko BLOCK (1 BLK),,,1,2,168
0022401210,220,PT08M16.00S,2,1610612747,LAL,1642261,Knecht,D. Knecht,0,0,0,,0,,,0,v,Knecht REBOUND (Off:1 Def:5),Rebound,Unknown,1,0,169
0022401210,221,PT08M14.00S,2,1610612747,LAL,1629060,Hachimura,R. Hachimura,-6,15,2,Made,1,33,31,64,v,Hachimura 2' Running Layup (3 PTS) (Knecht 1 AST),Made Shot,Running Layup Shot,1,2,170
0022401210,223,PT08M08.00S,2,1610612750,MIN,1629675,Reid,N. Reid,7,14,2,Missed,1,,,0,h,MISS Reid 2' Layup,Missed Shot,Layup Shot,1,2,171
0022401210,224,PT08M07.00S,2,1610612747,LAL,1631132,Koloko,C. Koloko,0,0,0,,0,,,0,v,Koloko REBOUND (Off:0 Def:4),Rebound,Unknown,1,0,172
0022401210,226,PT07M58.00S,2,1610612747,LAL,1631108,Christie,M. Christie,-179,176,25,Missed,1,,,0,v,MISS Christie 25' 3PT Jump Shot,Missed Shot,Jump Shot,1,3,173
0022401210,227,PT07M56.00S,2,0,,1610612750,,,0,0,0,,0,,,0,h,TIMBERWOLVES Rebound,Rebound,Unknown,0,0,174
0022401210,228,PT07M56.00S,2,1610612747,LAL,1631132,Koloko,C. Koloko,0,0,0,,0,,,0,v,Koloko L.B.FOUL (P1.T2) (A.Smith),Foul,Loose Ball,1,0,175
0022401210,233,PT07M56.00S,2,1610612750,MIN,1628978,DiVincenzo,D. DiVincenzo,0,0,0,,0,,,0,h,SUB: Edwards FOR DiVincenzo,Substitution,,0,0,176
0022401210,234,PT07M56.00S,2,1610612750,MIN,1629675,Reid,N. Reid,0,0,0,,0,,,0,h,SUB: Randle FOR Reid,Substitution,,0,0,177
0022401210,235,PT07M56.00S,2,1610612747,LAL,1631132,Koloko,C. Koloko,0,0,0,,0,,,0,v,SUB: Davis FOR Koloko,Substitution,,0,0,178
0022401210,230,PT07M56.00S,2,1610612750,MIN,1629675,Reid,N. Reid,0,0,0,,0,,,0,h,Reid T.FOUL (P1.T0) (M.Davis),Foul,Technical,1,0,179
0022401210,231,PT07M56.00S,2,1610612747,LAL,203076,Davis,A. Davis,0,0,0,,0,,,0,v,MISS Davis Free Throw Technical,Free Throw,Free Throw Technical,1,0,180
0022401210,232,PT07M56.00S,2,0,,1610612750,,,0,0,0,,0,,,0,h,TIMBERWOLVES Rebound,Rebound,Normal Rebound,1,0,181
0022401210,239,PT07M37.00S,2,1610612750,MIN,1630162,Edwards,A. Edwards,-23,17,3,Missed,1,,,0,h,MISS Edwards 3' Layup,Missed Shot,Layup Shot,1,2,182
0022401210,240,PT07M35.00S,2,1610612747,LAL,203076,Davis,A. Davis,0,0,0,,0,,,0,v,Davis REBOUND (Off:0 Def:3),Rebound,Unknown,1,0,183
0022401210,241,PT07M28.00S,2,1610612747,LAL,1629216,Vincent,G. Vincent,-181,173,25,Missed,1,,,0,v,MISS Vincent 25' 3PT Step Back Jump Shot,Missed Shot,Step Back Jump shot,1,3,184
0022401210,242,PT07M24.00S,2,1610612750,MIN,1630162,Edwards,A. Edwards,0,0,0,,0,,,0,h,Edwards REBOUND (Off:0 Def:1),Rebound,Unknown,1,0,185
0022401210,243,PT07M16.00S,2,1610612750,MIN,203944,Randle,J. Randle,0,0,0,,0,,,0,h,Randle Traveling Turnover (P1.T4),Turnover,Traveling,1,0,186
0022401210,244,PT07M02.00S,2,1610612747,LAL,203076,Davis,A. Davis,6,12,1,Missed,1,,,0,v,MISS Davis 1' Driving Layup,Missed Shot,Driving Layup Shot,1,2,187
0022401210,245,PT07M00.00S,2,1610612750,MIN,201144,Conley,M. Conley,0,0,0,,0,,,0,h,Conley REBOUND (Off:0 Def:2),Rebound,Unknown,1,0,188
0022401210,246,PT06M53.00S,2,1610612750,MIN,1630183,McDaniels,J. McDaniels,192,176,26,Missed,1,,,0,h,MISS McDaniels 26' 3PT Jump Shot,Missed Shot,Jump Shot,1,3,189
0022401210,247,PT06M51.00S,2,1610612750,MIN,203497,Gobert,R. Gobert,0,0,0,,0,,,0,h,Gobert REBOUND (Off:4 Def:2),Rebound,Unknown,1,0,190
0022401210,248,PT06M37.00S,2,1610612750,MIN,201144,Conley,M. Conley,225,-33,0,Missed,1,,,0,h,MISS Conley 3PT Jump Shot,Missed Shot,Jump Shot,1,3,191
0022401210,249,PT06M34.00S,2,1610612747,LAL,1642261,Knecht,D. Knecht,0,0,0,,0,,,0,v,Knecht REBOUND (Off:1 Def:6),Rebound,Unknown,1,0,192
0022401210,250,PT06M20.00S,2,1610612747,LAL,203076,Davis,A. Davis,2,113,11,Missed,1,,,0,v,MISS Davis 11' Jump Shot,Missed Shot,Jump Shot,1,2,193
0022401210,251,PT06M18.00S,2,1610612750,MIN,201144,Conley,M. Conley,0,0,0,,0,,,0,h,Conley REBOUND (Off:0 Def:3),Rebound,Unknown,1,0,194
0022401210,252,PT06M15.00S,2,1610612750,MIN,1630183,McDaniels,J. McDaniels,-4,16,2,Made,1,35,31,66,h,McDaniels 2' Running Layup (9 PTS) (Conley 5 AST),Made Shot,Running Layup Shot,1,2,195
0022401210,254,PT06M15.00S,2,1610612747,LAL,1642261,Knecht,D. Knecht,0,0,0,,0,,,0,v,Knecht S.FOUL (P1.T3) (M.Davis),Foul,Shooting,1,0,196
0022401210,256,PT06M15.00S,2,0,,1610612750,,,0,0,0,,0,,,0,h,TIMBERWOLVES Timeout: Regular (Full 2 Short 0),Timeout,Regular,0,0,197
0022401210,257,PT06M15.00S,2,1610612747,LAL,1642261,Knecht,D. Knecht,0,0,0,,0,,,0,v,SUB: Reddish FOR Knecht,Substitution,,0,0,198
0022401210,259,PT06M15.00S,2,1610612750,MIN,1630183,McDaniels,J. McDaniels,0,0,0,,0,36,31,67,h,McDaniels Free Throw 1 of 1 (10 PTS),Free Throw,Free Throw 1 of 1,1,0,199
0022401210,260,PT06M02.00S,2,1610612747,LAL,203076,Davis,A. Davis,10,63,6,Missed,1,,,0,v,MISS Davis 6' Layup,Missed Shot,Layup Shot,1,2,200
0022401210,261,PT05M59.00S,2,1610612750,MIN,203497,Gobert,R. Gobert,0,0,0,,0,,,0,h,Gobert REBOUND (Off:4 Def:3),Rebound,Unknown,1,0,201
0022401210,262,PT05M43.00S,2,1610612750,MIN,203944,Randle,J. Randle,67,79,10,Made,1,38,31,69,h,Randle 10' Turnaround Fadeaway (10 PTS),Made Shot,Turnaround Fadeaway shot,1,2,202
0022401210,263,PT05M31.00S,2,1610612747,LAL,203076,Davis,A. Davis,124,137,18,Made,1,38,33,71,v,Davis 18' Pullup Jump Shot (9 PTS),Made Shot,Pullup Jump shot,1,2,203
0022401210,264,PT05M09.00S,2,1610612750,MIN,203497,Gobert,R. Gobert,-11,13,2,Made,1,40,33,73,h,Gobert 2' Driving Layup (5 PTS) (Conley 6 AST),Made Shot,Driving Layup Shot,1,2,204
0022401210,266,PT04M54.00S,2,1610612747,LAL,1629060,Hachimura,R. Hachimura,1,16,2,Made,1,40,35,75,v,Hachimura 2' Cutting Dunk Shot (5 PTS) (Davis 1 AST),Made Shot,Cutting Dunk Shot,1,2,205
0022401210,268,PT04M33.00S,2,1610612750,MIN,203944,Randle,J. Randle,-6,252,25,Missed,1,,,0,h,MISS Randle 25' 3PT Jump Shot,Missed Shot,Jump Shot,1,3,206
0022401210,269,PT04M32.00S,2,0,,1610612747,,,0,0,0,,0,,,0,v,Lakers Rebound,Rebound,Unknown,1,0,207
0022401210,271,PT04M32.00S,2,1610612750,MIN,201144,Conley,M. Conley,0,0,0,,0,,,0,h,SUB: DiVincenzo FOR Conley,Substitution,,0,0,208
0022401210,273,PT04M23.00S,2,1610612747,LAL,1629216,Vincent,G. Vincent,0,0,0,,0,,,0,v,Vincent Bad Pass Turnover (P3.T13),Turnover,Bad Pass,1,0,209
0022401210,277,PT04M23.00S,2,1610612747,LAL,1629216,Vincent,G. Vincent,0,0,0,,0,,,0,v,Vincent L.B.FOUL (P1.T4) (P.Ransom),Foul,Loose Ball,1,0,210
0022401210,279,PT04M23.00S,2,1610612750,MIN,203497,Gobert,R. Gobert,0,0,0,,0,,,0,h,SUB: Reid FOR Gobert,Substitution,,0,0,211
0022401210,281,PT04M13.00S,2,1610612750,MIN,1630162,Edwards,A. Edwards,0,0,0,,0,,,0,h,Edwards Lost Ball Turnover (P2.T5),Turnover,Lost Ball,1,0,212
0022401210,281,PT04M13.00S,2,1610612747,LAL,1629629,Reddish,C. Reddish,0,0,0,,0,,,0,v,Reddish STEAL (1 STL),,,1,0,213
0022401210,283,PT04M07.00S,2,1610612747,LAL,203076,Davis,A. Davis,2,20,2,Made,1,40,37,77,v,Davis 2' Driving Layup (11 PTS),Made Shot,Driving Layup Shot,1,2,214
0022401210,284,PT03M44.00S,2,1610612750,MIN,1629675,Reid,N. Reid,-12,17,2,Made,1,42,37,79,h,Reid 2' Cutting Layup Shot (7 PTS) (DiVincenzo 1 AST),Made Shot,Cutting Layup Shot,1,2,215
0022401210,286,PT03M26.00S,2,1610612747,LAL,1629216,Vincent,G. Vincent,4,138,14,Missed,1,,,0,v,MISS Vincent 14' Pullup Jump Shot,Missed Shot,Pullup Jump shot,1,2,216
0022401210,287,PT03M24.00S,2,1610612747,LAL,1629216,Vincent,G. Vincent,0,0,0,,0,,,0,v,Vincent REBOUND (Off:1 Def:1),Rebound,Unknown,1,0,217
0022401210,288,PT03M23.00S,2,1610612747,LAL,1629629,Reddish,C. Reddish,76,242,25,Missed,1,,,0,v,MISS Reddish 25' 3PT Jump Shot,Missed Shot,Jump Shot,1,3,218
0022401210,289,PT03M20.00S,2,1610612747,LAL,203076,Davis,A. Davis,0,0,0,,0,,,0,v,Davis REBOUND (Off:1 Def:3),Rebound,Unknown,1,0,219
0022401210,290,PT03M20.00S,2,1610612747,LAL,203076,Davis,A. Davis,0,0,0,,0,,,0,v,Davis Out of Bounds Lost Ball Turnover (P3.T14),Turnover,Out of Bounds Lost Ball Turnover,1,0,220
0022401210,291,PT03M20.00S,2,1610612747,LAL,1631108,Christie,M. Christie,0,0,0,,0,,,0,v,SUB: Knecht FOR Christie,Substitution,,0,0,221
0022401210,294,PT03M05.00S,2,1610612747,LAL,1629216,Vincent,G. Vincent,0,0,0,,0,,,0,v,SUB: Reaves FOR Vincent,Substitution,,0,0,222
0022401210,296,PT02M57.00S,2,1610612750,MIN,1628978,DiVincenzo,D. DiVincenzo,224,72,24,Missed,1,,,0,h,MISS DiVincenzo 24' 3PT Jump Shot,Missed Shot,Jump Shot,1,3,223
0022401210,297,PT02M56.00S,2,0,,1610612750,,,0,0,0,,0,,,0,h,TIMBERWOLVES Rebound,Rebound,Unknown,0,0,224
0022401210,298,PT02M56.00S,2,1610612747,LAL,203076,Davis,A. Davis,0,0,0,,0,,,0,v,Davis L.B.FOUL (P1.PN) (M.Davis),Foul,Loose Ball,1,0,225
0022401210,300,PT02M56.00S,2,0,,1610612747,,,0,0,0,,0,,,0,v,Lakers Timeout: Regular (Reg.2 Short 0),Timeout,Regular,0,0,226
0022401210,301,PT02M56.00S,2,1610612750,MIN,203944,Randle,J. Randle,0,0,0,,0,43,37,80,h,Randle Free Throw 1 of 2 (11 PTS),Free Throw,Free Throw 1 of 2,1,0,227
0022401210,302,PT02M56.00S,2,1610612750,MIN,203944,Randle,J. Randle,0,0,0,,0,,,0,h,MISS Randle Free Throw 2 of 2,Free Throw,Free Throw 2 of 2,1,0,228
0022401210,303,PT02M54.00S,2,1610612747,LAL,1642261,Knecht,D. Knecht,0,0,0,,0,,,0,v,Knecht REBOUND (Off:1 Def:7),Rebound,Unknown,1,0,229
0022401210,304,PT02M40.00S,2,1610612750,MIN,1628978,DiVincenzo,D. DiVincenzo,0,0,0,,0,,,0,h,DiVincenzo S.FOUL (P1.T1) (A.Smith),Foul,Shooting,1,0,230
0022401210,306,PT02M40.00S,2,1610612747,LAL,1642261,Knecht,D. Knecht,0,0,0,,0,,,0,v,MISS Knecht Free Throw 1 of 3,Free Throw,Free Throw 1 of 3,1,0,231
0022401210,307,PT02M40.00S,2,0,,1610612747,,,0,0,0,,0,,,0,v,Lakers Rebound,Rebound,Normal Rebound,1,0,232
0022401210,308,PT02M40.00S,2,1610612747,LAL,1642261,Knecht,D. Knecht,0,0,0,,0,43,38,81,v,Knecht Free Throw 2 of 3 (6 PTS),Free Throw,Free Throw 2 of 3,1,0,233
0022401210,309,PT02M40.00S,2,1610612747,LAL,1642261,Knecht,D. Knecht,0,0,0,,0,,,0,v,MISS Knecht Free Throw 3 of 3,Free Throw,Free Throw 3 of 3,1,0,234
0022401210,310,PT02M38.00S,2,1610612750,MIN,1629675,Reid,N. Reid,0,0,0,,0,,,0,h,Reid REBOUND (Off:0 Def:2),Rebound,Unknown,1,0,235
0022401210,311,PT02M23.00S,2,1610612750,MIN,203944,Randle,J. Randle,44,82,9,Made,1,45,38,83,h,Randle 9' Turnaround Fadeaway (13 PTS),Made Shot,Turnaround Fadeaway shot,1,2,236
0022401210,313,PT02M03.00S,2,1610612747,LAL,1629060,Hachimura,R. Hachimura,6,84,8,Missed,1,,,0,v,MISS Hachimura 8' Turnaround Fadeaway Shot,Missed Shot,Turnaround Fadeaway shot,1,2,237
0022401210,314,PT02M01.00S,2,1610612750,MIN,1630162,Edwards,A. Edwards,0,0,0,,0,,,0,h,Edwards REBOUND (Off:0 Def:2),Rebound,Unknown,1,0,238
0022401210,315,PT01M55.00S,2,1610612750,MIN,1630183,McDaniels,J. McDaniels,207,136,25,Made,1,48,38,86,h,McDaniels 25' 3PT Step Back Jump Shot (13 PTS) (Edwards 1 AST),Made Shot,Step Back Jump shot,1,3,239
0022401210,317,PT01M49.00S,2,1610612750,MIN,1630162,Edwards,A. Edwards,0,0,0,,0,,,0,h,Edwards P.FOUL (P1.T2) (M.Davis),Foul,Personal,1,0,240
0022401210,319,PT01M40.00S,2,1610612747,LAL,1629060,Hachimura,R. Hachimura,33,18,4,Missed,1,,,0,v,MISS Hachimura 4' Driving Layup,Missed Shot,Driving Layup Shot,1,2,241
0022401210,319,PT01M40.00S,2,1610612750,MIN,1629675,Reid,N. Reid,0,0,0,,0,,,0,h,Reid BLOCK (1 BLK),,,1,2,242
0022401210,321,PT01M39.00S,2,0,,1610612747,,,0,0,0,,0,,,0,v,Lakers Rebound,Rebound,Unknown,0,0,243
0022401210,323,PT01M35.00S,2,1610612747,LAL,203076,Davis,A. Davis,-12,21,2,Made,1,48,40,88,v,Davis 2' Driving Layup (13 PTS) (Reaves 3 AST),Made Shot,Driving Layup Shot,1,2,244
0022401210,325,PT01M18.00S,2,1610612750,MIN,203944,Randle,J. Randle,26,6,3,Made,1,50,40,90,h,Randle 3' Driving Layup (15 PTS) (DiVincenzo 2 AST),Made Shot,Driving Layup Shot,1,2,245
0022401210,327,PT01M06.00S,2,1610612747,LAL,1630559,Reaves,A. Reaves,11,6,1,Missed,1,,,0,v,MISS Reaves 1' Driving Layup,Missed Shot,Driving Layup Shot,1,2,246
0022401210,328,PT01M04.00S,2,1610612750,MIN,1630162,Edwards,A. Edwards,0,0,0,,0,,,0,h,Edwards REBOUND (Off:0 Def:3),Rebound,Unknown,1,0,247
0022401210,329,PT01M00.00S,2,1610612750,MIN,203944,Randle,J. Randle,-225,74,24,Missed,1,,,0,h,MISS Randle 24' 3PT Running Jump Shot,Missed Shot,Running Jump Shot,1,3,248
0022401210,330,PT00M58.70S,2,0,,1610612747,,,0,0,0,,0,,,0,v,Lakers Rebound,Rebound,Unknown,0,0,249
0022401210,332,PT00M46.40S,2,1610612750,MIN,203944,Randle,J. Randle,0,0,0,,0,,,0,h,Randle S.FOUL (P3.PN) (M.Davis),Foul,Shooting,1,0,250
0022401210,334,PT00M46.40S,2,1610612747,LAL,203076,Davis,A. Davis,0,0,0,,0,50,41,91,v,Davis Free Throw 1 of 2 (14 PTS),Free Throw,Free Throw 1 of 2,1,0,251
0022401210,335,PT00M46.40S,2,1610612750,MIN,203944,Randle,J. Randle,0,0,0,,0,,,0,h,SUB: Gobert FOR Randle,Substitution,,0,0,252
0022401210,336,PT00M46.40S,2,1610612747,LAL,1642261,Knecht,D. Knecht,0,0,0,,0,,,0,v,SUB: Christie FOR Knecht,Substitution,,0,0,253
0022401210,339,PT00M46.40S,2,1610612747,LAL,203076,Davis,A. Davis,0,0,0,,0,,,0,v,MISS Davis Free Throw 2 of 2,Free Throw,Free Throw 2 of 2,1,0,254
0022401210,340,PT00M44.70S,2,1610612747,LAL,1629629,Reddish,C. Reddish,0,0,0,,0,,,0,v,Reddish REBOUND (Off:2 Def:0),Rebound,Unknown,1,0,255
0022401210,341,PT00M34.70S,2,1610612747,LAL,1630559,Reaves,A. Reaves,203,144,25,Made,1,50,44,94,v,Reaves 25' 3PT Jump Shot (9 PTS) (Christie 2 AST),Made Shot,Jump Shot,1,3,256
0022401210,343,PT00M10.70S,2,1610612750,MIN,1630162,Edwards,A. Edwards,-163,177,24,Missed,1,,,0,h,MISS Edwards 24' 3PT Step Back Jump Shot,Missed Shot,Step Back Jump shot,1,3,257
0022401210,344,PT00M08.00S,2,1610612747,LAL,1631108,Christie,M. Christie,0,0,0,,0,,,0,v,Christie REBOUND (Off:1 Def:2),Rebound,Unknown,1,0,258
0022401210,345,PT00M00.80S,2,1610612747,LAL,1629629,Reddish,C. Reddish,-71,242,25,Missed,1,,,0,v,MISS Reddish 25' 3PT Jump Shot,Missed Shot,Jump Shot,1,3,259
0022401210,346,PT00M00.80S,2,0,,1610612747,,,0,0,0,,0,,,0,v,Lakers Rebound,Rebound,Unknown,0,0,260
0022401210,347,PT00M00.00S,2,0,,0,,,0,0,0,,0,50,44,94,,End of 2nd Period (9:07 PM EST),period,end,1,0,261
0022401210,354,PT12M00.00S,3,0,,0,,,0,0,0,,0,50,44,94,,Start of 3rd Period (9:22 PM EST),period,start,0,0,262
0022401210,355,PT11M42.00S,3,1610612747,LAL,1630559,Reaves,A. Reaves,147,201,25,Made,1,50,47,97,v,Reaves 25' 3PT Pullup Jump Shot (12 PTS),Made Shot,Pullup Jump shot,1,3,263
0022401210,356,PT11M12.00S,3,1610612750,MIN,1630162,Edwards,A. Edwards,-148,29,15,Made,1,52,47,99,h,Edwards 15' Pullup Jump Shot (9 PTS),Made Shot,Pullup Jump shot,1,2,264
0022401210,357,PT10M59.00S,3,1610612747,LAL,203076,Davis,A. Davis,66,235,24,Missed,1,,,0,v,MISS Davis 24' 3PT Jump Shot,Missed Shot,Jump Shot,1,3,265
0022401210,358,PT10M56.00S,3,1610612750,MIN,203497,Gobert,R. Gobert,0,0,0,,0,,,0,h,Gobert REBOUND (Off:4 Def:4),Rebound,Unknown,1,0,266
0022401210,359,PT10M43.00S,3,1610612750,MIN,1630162,Edwards,A. Edwards,-197,159,25,Missed,1,,,0,h,MISS Edwards 25' 3PT Jump Shot,Missed Shot,Jump Shot,1,3,267
0022401210,360,PT10M40.00S,3,1610612747,LAL,203076,Davis,A. Davis,0,0,0,,0,,,0,v,Davis REBOUND (Off:1 Def:4),Rebound,Unknown,1,0,268
0022401210,361,PT10M24.00S,3,1610612747,LAL,1629060,Hachimura,R. Hachimura,18,36,4,Missed,1,,,0,v,MISS Hachimura 4' Driving Layup,Missed Shot,Driving Layup Shot,1,2,269
0022401210,362,PT10M22.00S,3,1610612750,MIN,1630183,McDaniels,J. McDaniels,0,0,0,,0,,,0,h,McDaniels REBOUND (Off:1 Def:3),Rebound,Unknown,1,0,270
0022401210,363,PT10M16.00S,3,1610612750,MIN,1630183,McDaniels,J. McDaniels,110,225,25,Missed,1,,,0,h,MISS McDaniels 25' 3PT Jump Shot,Missed Shot,Jump Shot,1,3,271
0022401210,364,PT10M12.00S,3,1610612750,MIN,203944,Randle,J. Randle,0,0,0,,0,,,0,h,Randle REBOUND (Off:1 Def:1),Rebound,Unknown,1,0,272
0022401210,366,PT10M04.00S,3,1610612750,MIN,1630162,Edwards,A. Edwards,-126,13,13,Made,1,54,47,101,h,Edwards 13' Pullup Jump Shot (11 PTS) (Gobert 1 AST),Made Shot,Pullup Jump shot,1,2,273
0022401210,368,PT09M44.00S,3,1610612747,LAL,1630559,Reaves,A. Reaves,31,104,11,Missed,1,,,0,v,MISS Reaves 11' Floating Jump Shot,Missed Shot,Floating Jump shot,1,2,274
0022401210,368,PT09M44.00S,3,1610612750,MIN,1630162,Edwards,A. Edwards,0,0,0,,0,,,0,h,Edwards BLOCK (1 BLK),,,1,2,275
0022401210,370,PT09M42.00S,3,1610612750,MIN,203497,Gobert,R. Gobert,0,0,0,,0,,,0,h,Gobert REBOUND (Off:4 Def:5),Rebound,Unknown,1,0,276
0022401210,371,PT09M23.00S,3,1610612750,MIN,1630162,Edwards,A. Edwards,0,0,0,,0,,,0,h,Edwards Bad Pass Turnover (P3.T6),Turnover,Bad Pass,1,0,277
0022401210,371,PT09M23.00S,3,1610612747,LAL,1629216,Vincent,G. Vincent,0,0,0,,0,,,0,v,Vincent STEAL (1 STL),,,1,0,278
0022401210,373,PT09M19.00S,3,1610612747,LAL,1629216,Vincent,G. Vincent,-114,216,24,Made,1,54,50,104,v,Vincent 24' 3PT Running Pull-Up Jump Shot (3 PTS),Made Shot,Running Pull-Up Jump Shot,1,3,279
0022401210,374,PT09M02.00S,3,1610612750,MIN,203944,Randle,J. Randle,2,63,6,Missed,1,,,0,h,MISS Randle 6' Driving Floating Jump Shot,Missed Shot,Driving Floating Jump Shot,1,2,280
0022401210,375,PT09M00.00S,3,1610612750,MIN,203944,Randle,J. Randle,0,0,0,,0,,,0,h,Randle REBOUND (Off:2 Def:1),Rebound,Unknown,1,0,281
0022401210,376,PT09M00.00S,3,1610612747,LAL,1630559,Reaves,A. Reaves,0,0,0,,0,,,0,v,Reaves P.FOUL (P1.T1) (P.Ransom),Foul,Personal,1,0,282
0022401210,378,PT08M53.00S,3,1610612750,MIN,1630183,McDaniels,J. McDaniels,0,0,0,,0,,,0,h,McDaniels Offensive Charge Foul (P1) (M.Davis),Foul,Offensive Charge,1,0,283
0022401210,380,PT08M53.00S,3,1610612750,MIN,1630183,McDaniels,J. McDaniels,0,0,0,,0,,,0,h,McDaniels Offensive Foul Turnover (P1.T7),Turnover,Offensive Foul Turnover,1,0,284
0022401210,381,PT08M36.00S,3,1610612747,LAL,1631108,Christie,M. Christie,-74,40,8,Missed,1,,,0,v,MISS Christie 8' Turnaround Jump Shot,Missed Shot,Turnaround Jump Shot,1,2,285
0022401210,382,PT08M32.00S,3,1610612747,LAL,203076,Davis,A. Davis,0,0,0,,0,,,0,v,Davis REBOUND (Off:2 Def:4),Rebound,Unknown,1,0,286
0022401210,383,PT08M32.00S,3,1610612747,LAL,203076,Davis,A. Davis,0,0,0,Missed,1,,,0,v,MISS Davis Tip Layup Shot,Missed Shot,Tip Layup Shot,1,2,287
0022401210,384,PT08M31.00S,3,1610612750,MIN,203497,Gobert,R. Gobert,0,0,0,,0,,,0,h,Gobert REBOUND (Off:4 Def:6),Rebound,Unknown,1,0,288
0022401210,385,PT08M18.00S,3,1610612750,MIN,203944,Randle,J. Randle,-50,75,9,Made,1,56,50,106,h,Randle 9' Turnaround Fadeaway (17 PTS),Made Shot,Turnaround Fadeaway shot,1,2,289
0022401210,386,PT08M04.00S,3,1610612747,LAL,1629216,Vincent,G. Vincent,-115,224,25,Missed,1,,,0,v,MISS Vincent 25' 3PT Pullup Jump Shot,Missed Shot,Pullup Jump shot,1,3,290
0022401210,387,PT08M01.00S,3,1610612750,MIN,203944,Randle,J. Randle,0,0,0,,0,,,0,h,Randle REBOUND (Off:2 Def:2),Rebound,Unknown,1,0,291
0022401210,388,PT07M52.00S,3,1610612750,MIN,203497,Gobert,R. Gobert,-9,11,1,Made,1,58,50,108,h,Gobert 1' Cutting Dunk Shot (7 PTS) (Randle 2 AST),Made Shot,Cutting Dunk Shot,1,2,292
0022401210,390,PT07M52.00S,3,0,,1610612747,,,0,0,0,,0,,,0,v,Lakers Timeout: Regular (Reg.3 Short 0),Timeout,Regular,0,0,293
0022401210,391,PT07M37.00S,3,1610612747,LAL,1631108,Christie,M. Christie,0,0,0,,0,,,0,v,Christie Bad Pass Turnover (P3.T15),Turnover,Bad Pass,1,0,294
0022401210,391,PT07M37.00S,3,1610612750,MIN,1630183,McDaniels,J. McDaniels,0,0,0,,0,,,0,h,McDaniels STEAL (5 STL),,,1,0,295
0022401210,393,PT07M32.00S,3,1610612750,MIN,1630183,McDaniels,J. McDaniels,5,10,1,Made,1,60,50,110,h,McDaniels 1' Running Layup (15 PTS),Made Shot,Running Layup Shot,1,2,296
0022401210,394,PT07M11.00S,3,1610612747,LAL,203076,Davis,A. Davis,-7,66,7,Missed,1,,,0,v,MISS Davis 7' Pullup Jump Shot,Missed Shot,Pullup Jump shot,1,2,297
0022401210,395,PT07M10.00S,3,0,,1610612750,,,0,0,0,,0,,,0,h,TIMBERWOLVES Rebound,Rebound,Unknown,1,0,298
0022401210,397,PT07M10.00S,3,1610612747,LAL,1629216,Vincent,G. Vincent,0,0,0,,0,,,0,v,SUB: Russell FOR Vincent,Substitution,,0,0,299
0022401210,399,PT06M54.00S,3,1610612747,LAL,1629060,Hachimura,R. Hachimura,0,0,0,,0,,,0,v,Hachimura S.FOUL (P1.T2) (A.Smith),Foul,Shooting,1,0,300
0022401210,401,PT06M54.00S,3,1610612750,MIN,203944,Randle,J. Randle,0,0,0,,0,61,50,111,h,Randle Free Throw 1 of 2 (18 PTS),Free Throw,Free Throw 1 of 2,1,0,301
0022401210,402,PT06M54.00S,3,1610612750,MIN,203944,Randle,J. Randle,0,0,0,,0,62,50,112,h,Randle Free Throw 2 of 2 (19 PTS),Free Throw,Free Throw 2 of 2,1,0,302
0022401210,403,PT06M34.00S,3,1610612747,LAL,1629060,Hachimura,R. Hachimura,-60,142,15,Made,1,62,52,114,v,Hachimura 15' Pullup Jump Shot (7 PTS) (Reaves 4 AST),Made Shot,Pullup Jump shot,1,2,303
0022401210,405,PT06M14.00S,3,1610612750,MIN,1630162,Edwards,A. Edwards,-74,64,10,Made,1,64,52,116,h,Edwards 10' Driving Floating Bank Jump Shot (13 PTS),Made Shot,Driving Floating Bank Jump Shot,1,2,304
0022401210,406,PT06M02.00S,3,1610612747,LAL,1626156,Russell,D. Russell,-194,157,25,Missed,1,,,0,v,MISS Russell 25' 3PT Jump Shot,Missed Shot,Jump Shot,1,3,305
0022401210,407,PT06M01.00S,3,1610612747,LAL,1631108,Christie,M. Christie,0,0,0,,0,,,0,v,Christie REBOUND (Off:2 Def:2),Rebound,Unknown,1,0,306
0022401210,408,PT05M59.00S,3,1610612747,LAL,1629060,Hachimura,R. Hachimura,167,183,25,Missed,1,,,0,v,MISS Hachimura 25' 3PT Jump Shot,Missed Shot,Jump Shot,1,3,307
0022401210,409,PT05M55.00S,3,1610612750,MIN,203944,Randle,J. Randle,0,0,0,,0,,,0,h,Randle REBOUND (Off:2 Def:3),Rebound,Unknown,1,0,308
0022401210,410,PT05M54.00S,3,1610612750,MIN,203944,Randle,J. Randle,0,0,0,,0,,,0,h,Randle OFF.Foul (P4) (A.Smith),Foul,Offensive,1,0,309
0022401210,412,PT05M54.00S,3,1610612750,MIN,203944,Randle,J. Randle,0,0,0,,0,,,0,h,Randle Offensive Foul Turnover (P2.T8),Turnover,Offensive Foul Turnover,1,0,310
0022401210,413,PT05M54.00S,3,1610612750,MIN,203944,Randle,J. Randle,0,0,0,,0,,,0,h,SUB: Reid FOR Randle,Substitution,,0,0,311
0022401210,414,PT05M54.00S,3,1610612747,LAL,1630559,Reaves,A. Reaves,0,0,0,,0,,,0,v,SUB: Knecht FOR Reaves,Substitution,,0,0,312
0022401210,417,PT05M44.00S,3,1610612747,LAL,1642261,Knecht,D. Knecht,-227,-11,0,Missed,1,,,0,v,MISS Knecht 3PT Jump Shot,Missed Shot,Jump Shot,1,3,313
0022401210,418,PT05M42.00S,3,1610612747,LAL,1642261,Knecht,D. Knecht,0,0,0,,0,,,0,v,Knecht REBOUND (Off:2 Def:7),Rebound,Unknown,1,0,314
0022401210,419,PT05M40.00S,3,1610612747,LAL,203076,Davis,A. Davis,-71,237,25,Missed,1,,,0,v,MISS Davis 25' 3PT Jump Shot,Missed Shot,Jump Shot,1,3,315
0022401210,420,PT05M36.00S,3,1610612750,MIN,1630183,McDaniels,J. McDaniels,0,0,0,,0,,,0,h,McDaniels REBOUND (Off:1 Def:4),Rebound,Unknown,1,0,316
0022401210,421,PT05M20.00S,3,1610612750,MIN,1630162,Edwards,A. Edwards,123,220,25,Made,1,67,52,119,h,Edwards 25' 3PT Step Back Jump Shot (16 PTS),Made Shot,Step Back Jump shot,1,3,317
0022401210,422,PT05M02.00S,3,1610612747,LAL,1626156,Russell,D. Russell,-80,168,19,Made,1,67,54,121,v,Russell 19' Step Back Jump Shot (2 PTS),Made Shot,Step Back Jump shot,1,2,318
0022401210,423,PT04M45.00S,3,1610612750,MIN,1630162,Edwards,A. Edwards,0,0,0,,0,,,0,h,Edwards Lost Ball Turnover (P4.T9),Turnover,Lost Ball,1,0,319
0022401210,423,PT04M45.00S,3,1610612747,LAL,1629060,Hachimura,R. Hachimura,0,0,0,,0,,,0,v,Hachimura STEAL (1 STL),,,1,0,320
0022401210,425,PT04M38.00S,3,1610612747,LAL,1629060,Hachimura,R. Hachimura,7,53,5,Missed,1,,,0,v,MISS Hachimura 5' Turnaround Hook Shot,Missed Shot,Turnaround Hook Shot,1,2,321
0022401210,426,PT04M35.00S,3,1610612750,MIN,1629675,Reid,N. Reid,0,0,0,,0,,,0,h,Reid REBOUND (Off:0 Def:3),Rebound,Unknown,1,0,322
0022401210,427,PT04M23.00S,3,1610612750,MIN,201144,Conley,M. Conley,-95,143,17,Missed,1,,,0,h,MISS Conley 17' Driving Floating Jump Shot,Missed Shot,Driving Floating Jump Shot,1,2,323
0022401210,428,PT04M21.00S,3,1610612747,LAL,1626156,Russell,D. Russell,0,0,0,,0,,,0,v,Russell REBOUND (Off:0 Def:1),Rebound,Unknown,1,0,324
0022401210,429,PT04M12.00S,3,1610612747,LAL,1642261,Knecht,D. Knecht,196,152,25,Missed,1,,,0,v,MISS Knecht 25' 3PT Jump Shot,Missed Shot,Jump Shot,1,3,325
0022401210,431,PT04M08.00S,3,1610612750,MIN,1630183,McDaniels,J. McDaniels,0,0,0,,0,,,0,h,McDaniels REBOUND (Off:1 Def:5),Rebound,Unknown,1,0,326
0022401210,432,PT03M51.00S,3,1610612750,MIN,1630162,Edwards,A. Edwards,51,121,13,Missed,1,,,0,h,MISS Edwards 13' Floating Jump Shot,Missed Shot,Floating Jump shot,1,2,327
0022401210,433,PT03M46.00S,3,1610612750,MIN,1630162,Edwards,A. Edwards,0,0,0,,0,,,0,h,Edwards REBOUND (Off:1 Def:3),Rebound,Unknown,1,0,328
0022401210,434,PT03M45.00S,3,1610612750,MIN,1630162,Edwards,A. Edwards,7,6,1,Made,1,69,54,123,h,Edwards 1' Putback Layup (18 PTS),Made Shot,Putback Layup Shot,1,2,329
0022401210,435,PT03M25.00S,3,1610612747,LAL,1631108,Christie,M. Christie,7,152,15,Missed,1,,,0,v,MISS Christie 15' Pullup Jump Shot,Missed Shot,Pullup Jump shot,1,2,330
0022401210,436,PT03M25.00S,3,1610612750,MIN,201144,Conley,M. Conley,0,0,0,,0,,,0,h,Conley REBOUND (Off:0 Def:4),Rebound,Unknown,1,0,331
0022401210,437,PT03M24.00S,3,0,,1610612750,,,0,0,0,,0,,,0,h,TIMBERWOLVES Timeout: Regular (Full 3 Short 0),Timeout,Regular,0,0,332
0022401210,438,PT03M24.00S,3,1610612750,MIN,201144,Conley,M. Conley,0,0,0,,0,,,0,h,SUB: Alexander-Walker FOR Conley,Substitution,,0,0,333
0022401210,439,PT03M24.00S,3,1610612747,LAL,1631108,Christie,M. Christie,0,0,0,,0,,,0,v,SUB: Reddish FOR Christie,Substitution,,0,0,334
0022401210,442,PT03M10.00S,3,1610612750,MIN,203497,Gobert,R. Gobert,5,11,1,Made,1,71,54,125,h,Gobert 1' Alley Oop Dunk (9 PTS) (Alexander-Walker 2 AST),Made Shot,Alley Oop Dunk Shot,1,2,335
0022401210,444,PT02M54.00S,3,1610612747,LAL,203076,Davis,A. Davis,58,98,11,Made,1,71,56,127,v,Davis 11' Turnaround Fadeaway (16 PTS),Made Shot,Turnaround Fadeaway shot,1,2,336
0022401210,447,PT02M32.00S,3,1610612750,MIN,1630183,McDaniels,J. McDaniels,0,0,0,,0,,,0,h,SUB: DiVincenzo FOR McDaniels,Substitution,,0,0,337
0022401210,449,PT02M32.00S,3,0,,1610612750,,,0,0,0,,0,,,0,h,TIMBERWOLVES Violation: Delay of game Violation,Violation,Delay Of Game,0,0,338
0022401210,450,PT02M26.00S,3,1610612750,MIN,1630162,Edwards,A. Edwards,0,0,0,,0,,,0,h,Edwards Lost Ball Turnover (P5.T10),Turnover,Lost Ball,1,0,339
0022401210,450,PT02M26.00S,3,1610612747,LAL,1629060,Hachimura,R. Hachimura,0,0,0,,0,,,0,v,Hachimura STEAL (2 STL),,,1,0,340
0022401210,452,PT02M15.00S,3,1610612750,MIN,1629638,Alexander-Walker,N. Alexander-Walker,0,0,0,,0,,,0,h,Alexander-Walker P.FOUL (P2.T1) (M.Davis),Foul,Personal,1,0,341
0022401210,454,PT02M15.00S,3,1610612747,LAL,1642261,Knecht,D. Knecht,0,0,0,,0,,,0,v,SUB: Christie FOR Knecht,Substitution,,0,0,342
0022401210,456,PT02M15.00S,3,1610612750,MIN,1630162,Edwards,A. Edwards,0,0,0,,0,,,0,h,SUB: Dillingham FOR Edwards,Substitution,,0,0,343
0022401210,458,PT02M15.00S,3,1610612747,LAL,1629060,Hachimura,R. Hachimura,0,0,0,,0,,,0,v,SUB: Reaves FOR Hachimura,Substitution,,0,0,344
0022401210,460,PT02M09.00S,3,1610612747,LAL,203076,Davis,A. Davis,51,13,5,Made,1,71,58,129,v,Davis 5' Driving Floating Bank Jump Shot (18 PTS),Made Shot,Driving Floating Bank Jump Shot,1,2,345
0022401210,461,PT02M02.00S,3,1610612750,MIN,1642265,Dillingham,R. Dillingham,-28,37,5,Missed,1,,,0,h,MISS Dillingham 5' Driving Layup,Missed Shot,Driving Layup Shot,1,2,346
0022401210,462,PT02M00.00S,3,1610612747,LAL,203076,Davis,A. Davis,0,0,0,,0,,,0,v,Davis REBOUND (Off:2 Def:5),Rebound,Unknown,1,0,347
0022401210,463,PT01M53.00S,3,1610612747,LAL,1631108,Christie,M. Christie,5,24,2,Missed,1,,,0,v,MISS Christie 2' Cutting Layup Shot,Missed Shot,Cutting Layup Shot,1,2,348
0022401210,464,PT01M52.00S,3,1610612747,LAL,1631108,Christie,M. Christie,0,0,0,,0,,,0,v,Christie REBOUND (Off:3 Def:2),Rebound,Unknown,1,0,349
0022401210,465,PT01M52.00S,3,1610612747,LAL,1631108,Christie,M. Christie,0,0,0,Made,1,71,60,131,v,Christie Tip Layup Shot (9 PTS),Made Shot,Tip Layup Shot,1,2,350
0022401210,466,PT01M52.00S,3,1610612750,MIN,1629675,Reid,N. Reid,0,0,0,,0,,,0,h,Reid S.FOUL (P2.T2) (P.Ransom),Foul,Shooting,1,0,351
0022401210,468,PT01M52.00S,3,1610612747,LAL,1631108,Christie,M. Christie,0,0,0,,0,71,61,132,v,Christie Free Throw 1 of 1 (10 PTS),Free Throw,Free Throw 1 of 1,1,0,352
0022401210,469,PT01M38.00S,3,1610612750,MIN,1628978,DiVincenzo,D. DiVincenzo,34,18,4,Missed,1,,,0,h,MISS DiVincenzo 4' Layup,Missed Shot,Layup Shot,1,2,353
0022401210,469,PT01M38.00S,3,1610612747,LAL,203076,Davis,A. Davis,0,0,0,,0,,,0,v,Davis BLOCK (1 BLK),,,1,2,354
0022401210,471,PT01M38.00S,3,1610612747,LAL,203076,Davis,A. Davis,0,0,0,,0,,,0,v,Davis REBOUND (Off:2 Def:6),Rebound,Unknown,1,0,355
0022401210,472,PT01M25.00S,3,1610612747,LAL,203076,Davis,A. Davis,0,0,0,,0,,,0,v,Davis Lost Ball Turnover (P4.T16),Turnover,Lost Ball,1,0,356
0022401210,472,PT01M25.00S,3,1610612750,MIN,1628978,DiVincenzo,D. DiVincenzo,0,0,0,,0,,,0,h,DiVincenzo STEAL (2 STL),,,1,0,357
0022401210,474,PT01M20.00S,3,1610612750,MIN,1629675,Reid,N. Reid,25,254,26,Made,1,74,61,135,h,Reid 26' 3PT Jump Shot (10 PTS) (Dillingham 1 AST),Made Shot,Jump Shot,1,3,358
0022401210,476,PT01M04.00S,3,1610612747,LAL,1626156,Russell,D. Russell,-98,236,26,Made,1,74,64,138,v,Russell 26' 3PT Pullup Jump Shot (5 PTS),Made Shot,Pullup Jump shot,1,3,359
0022401210,477,PT00M47.30S,3,1610612750,MIN,1629675,Reid,N. Reid,-20,42,5,Missed,1,,,0,h,MISS Reid 5' Cutting Layup Shot,Missed Shot,Cutting Layup Shot,1,2,360
0022401210,477,PT00M47.30S,3,1610612747,LAL,203076,Davis,A. Davis,0,0,0,,0,,,0,v,Davis BLOCK (2 BLK),,,1,2,361
0022401210,479,PT00M44.90S,3,1610612747,LAL,1630559,Reaves,A. Reaves,0,0,0,,0,,,0,v,Reaves REBOUND (Off:0 Def:4),Rebound,Unknown,1,0,362
0022401210,480,PT00M41.30S,3,1610612747,LAL,1626156,Russell,D. Russell,-197,146,25,Missed,1,,,0,v,MISS Russell 25' 3PT Jump Shot,Missed Shot,Jump Shot,1,3,363
0022401210,481,PT00M38.70S,3,1610612747,LAL,1629629,Reddish,C. Reddish,0,0,0,,0,,,0,v,Reddish REBOUND (Off:3 Def:0),Rebound,Unknown,1,0,364
0022401210,482,PT00M38.20S,3,1610612747,LAL,1629629,Reddish,C. Reddish,-7,9,1,Made,1,74,66,140,v,Reddish 1' Layup (5 PTS),Made Shot,Layup Shot,1,2,365
0022401210,483,PT00M22.50S,3,1610612750,MIN,1629675,Reid,N. Reid,5,86,9,Missed,1,,,0,h,MISS Reid 9' Floating Jump Shot,Missed Shot,Floating Jump shot,1,2,366
0022401210,484,PT00M20.60S,3,1610612750,MIN,1629675,Reid,N. Reid,0,0,0,,0,,,0,h,Reid REBOUND (Off:1 Def:3),Rebound,Unknown,1,0,367
0022401210,485,PT00M19.70S,3,1610612750,MIN,1629675,Reid,N. Reid,10,22,2,Missed,1,,,0,h,MISS Reid 2' Tip Layup Shot,Missed Shot,Tip Layup Shot,1,2,368
0022401210,486,PT00M18.60S,3,0,,1610612750,,,0,0,0,,0,,,0,h,TIMBERWOLVES Rebound,Rebound,Unknown,0,0,369
0022401210,488,PT00M13.80S,3,1610612750,MIN,1642265,Dillingham,R. Dillingham,-56,269,27,Made,1,77,66,143,h,Dillingham 27' 3PT Pullup Jump Shot (3 PTS),Made Shot,Pullup Jump shot,1,3,370
0022401210,489,PT00M01.60S,3,1610612747,LAL,1626156,Russell,D. Russell,7,341,34,Missed,1,,,0,v,MISS Russell 34' 3PT Pullup Jump Shot,Missed Shot,Pullup Jump shot,1,3,371
0022401210,490,PT00M00.20S,3,1610612747,LAL,1630559,Reaves,A. Reaves,0,0,0,,0,,,0,v,Reaves REBOUND (Off:1 Def:4),Rebound,Unknown,1,0,372
0022401210,491,PT00M00.00S,3,0,,489,,,0,0,0,,0,77,66,143,,Instant Replay3rd Period (9:45 PM EST),Instant Replay,Ruling Stands,0,0,373
0022401210,492,PT00M00.00S,3,0,,0,,,0,0,0,,0,77,66,143,,End of 3rd Period (9:46 PM EST),period,end,1,0,374
0022401210,497,PT12M00.00S,4,0,,0,,,0,0,0,,0,77,66,143,,Start of 4th Period (9:48 PM EST),period,start,0,0,375
0022401210,499,PT11M36.00S,4,1610612750,MIN,1628978,DiVincenzo,D. DiVincenzo,0,0,0,,0,,,0,h,DiVincenzo Bad Pass Turnover (P1.T11),Turnover,Bad Pass,1,0,376
0022401210,499,PT11M36.00S,4,1610612747,LAL,1631132,Koloko,C. Koloko,0,0,0,,0,,,0,v,Koloko STEAL (1 STL),,,1,0,377
0022401210,501,PT11M31.00S,4,1610612747,LAL,1630559,Reaves,A. Reaves,159,204,26,Missed,1,,,0,v,MISS Reaves 26' 3PT Running Jump Shot,Missed Shot,Running Jump Shot,1,3,378
0022401210,502,PT11M29.00S,4,1610612747,LAL,1629060,Hachimura,R. Hachimura,0,0,0,,0,,,0,v,Hachimura REBOUND (Off:2 Def:3),Rebound,Unknown,1,0,379
0022401210,503,PT11M27.00S,4,1610612747,LAL,1630559,Reaves,A. Reaves,-96,234,25,Made,1,77,69,146,v,Reaves 25' 3PT Jump Shot (15 PTS) (Hachimura 3 AST),Made Shot,Jump Shot,1,3,380
0022401210,505,PT11M08.00S,4,1610612750,MIN,1629638,Alexander-Walker,N. Alexander-Walker,-12,31,3,Missed,1,,,0,h,MISS Alexander-Walker 3' Driving Finger Roll Layup,Missed Shot,Driving Finger Roll Layup Shot,1,2,381
0022401210,506,PT11M06.00S,4,1610612747,LAL,1626156,Russell,D. Russell,0,0,0,,0,,,0,v,Russell REBOUND (Off:0 Def:2),Rebound,Unknown,1,0,382
0022401210,507,PT10M58.00S,4,1610612750,MIN,1629675,Reid,N. Reid,0,0,0,,0,,,0,h,Reid P.FOUL (P3.T1) (P.Ransom),Foul,Personal,1,0,383
0022401210,509,PT10M48.00S,4,1610612747,LAL,1629060,Hachimura,R. Hachimura,0,0,0,,0,,,0,v,Hachimura Lost Ball Turnover (P2.T17),Turnover,Lost Ball,1,0,384
0022401210,509,PT10M48.00S,4,1610612750,MIN,1642265,Dillingham,R. Dillingham,0,0,0,,0,,,0,h,Dillingham STEAL (1 STL),,,1,0,385
0022401210,511,PT10M45.00S,4,1610612750,MIN,1629638,Alexander-Walker,N. Alexander-Walker,0,20,2,Missed,1,,,0,h,MISS Alexander-Walker 2' Running Dunk,Missed Shot,Running Dunk Shot,1,2,386
0022401210,512,PT10M44.00S,4,0,,1610612747,,,0,0,0,,0,,,0,v,Lakers Rebound,Rebound,Unknown,0,0,387
0022401210,514,PT10M28.00S,4,1610612747,LAL,1630559,Reaves,A. Reaves,0,0,0,,0,,,0,v,Reaves Out of Bounds - Bad Pass Turnover Turnover (P2.T18),Turnover,Out of Bounds - Bad Pass Turnover,1,0,388
0022401210,515,PT10M17.00S,4,1610612750,MIN,1642265,Dillingham,R. Dillingham,23,253,25,Made,1,80,69,149,h,Dillingham 25' 3PT Pullup Jump Shot (6 PTS),Made Shot,Pullup Jump shot,1,3,389
0022401210,516,PT10M02.00S,4,1610612747,LAL,1630559,Reaves,A. Reaves,169,188,25,Made,1,80,72,152,v,Reaves 25' 3PT Jump Shot (18 PTS) (Russell 1 AST),Made Shot,Jump Shot,1,3,390
0022401210,518,PT09M50.00S,4,1610612750,MIN,1642265,Dillingham,R. Dillingham,42,34,5,Missed,1,,,0,h,MISS Dillingham 5' Driving Layup,Missed Shot,Driving Layup Shot,1,2,391
0022401210,518,PT09M50.00S,4,1610612747,LAL,1631132,Koloko,C. Koloko,0,0,0,,0,,,0,v,Koloko BLOCK (2 BLK),,,1,2,392
0022401210,520,PT09M49.00S,4,0,,1610612750,,,0,0,0,,0,,,0,h,TIMBERWOLVES Rebound,Rebound,Unknown,0,0,393
0022401210,522,PT09M49.00S,4,1610612750,MIN,203497,Gobert,R. Gobert,0,0,0,,0,,,0,h,SUB: Randle FOR Gobert,Substitution,,0,0,394
0022401210,523,PT09M49.00S,4,1610612747,LAL,1630559,Reaves,A. Reaves,0,0,0,,0,,,0,v,SUB: Vincent FOR Reaves,Substitution,,0,0,395
0022401210,526,PT09M42.00S,4,1610612747,LAL,1629216,Vincent,G. Vincent,0,0,0,,0,,,0,v,Vincent P.FOUL (P2.T1) (A.Smith),Foul,Personal,1,0,396
0022401210,528,PT09M36.00S,4,1610612750,MIN,1642265,Dillingham,R. Dillingham,-115,236,26,Missed,1,,,0,h,MISS Dillingham 26' 3PT Pullup Jump Shot,Missed Shot,Pullup Jump shot,1,3,397
0022401210,529,PT09M32.00S,4,1610612747,LAL,1631132,Koloko,C. Koloko,0,0,0,,0,,,0,v,Koloko REBOUND (Off:0 Def:5),Rebound,Unknown,1,0,398
0022401210,530,PT09M18.00S,4,1610612747,LAL,1629216,Vincent,G. Vincent,223,103,25,Made,1,80,75,155,v,Vincent 25' 3PT Jump Shot (6 PTS) (Reddish 1 AST),Made Shot,Jump Shot,1,3,399
0022401210,532,PT09M15.00S,4,0,,1610612750,,,0,0,0,,0,,,0,h,TIMBERWOLVES Timeout: Regular (Full 4 Short 0),Timeout,Regular,0,0,400
0022401210,533,PT09M15.00S,4,1610612750,MIN,1642265,Dillingham,R. Dillingham,0,0,0,,0,,,0,h,SUB: McDaniels FOR Dillingham,Substitution,,0,0,401
0022401210,536,PT08M52.00S,4,1610612750,MIN,203944,Randle,J. Randle,72,139,16,Missed,1,,,0,h,MISS Randle 16' Pullup Jump Shot,Missed Shot,Pullup Jump shot,1,2,402
0022401210,537,PT08M51.00S,4,0,,1610612750,,,0,0,0,,0,,,0,h,TIMBERWOLVES Rebound,Rebound,Unknown,0,0,403
0022401210,538,PT08M51.00S,4,0,,1610612750,,,0,0,0,,0,,,0,h,TIMBERWOLVES Turnover: Shot Clock (T#12),Turnover,Shot Clock Turnover,0,0,404
0022401210,539,PT08M38.00S,4,1610612747,LAL,1629060,Hachimura,R. Hachimura,86,30,9,Missed,1,,,0,v,MISS Hachimura 9' Pullup Jump Shot,Missed Shot,Pullup Jump shot,1,2,405
0022401210,540,PT08M34.00S,4,1610612750,MIN,1628978,DiVincenzo,D. DiVincenzo,0,0,0,,0,,,0,h,DiVincenzo REBOUND (Off:0 Def:3),Rebound,Unknown,1,0,406
0022401210,541,PT08M26.00S,4,1610612747,LAL,1631132,Koloko,C. Koloko,0,0,0,,0,,,0,v,Koloko S.FOUL (P2.T2) (P.Ransom),Foul,Shooting,1,0,407
0022401210,543,PT08M26.00S,4,1610612750,MIN,1630183,McDaniels,J. McDaniels,0,0,0,,0,81,75,156,h,McDaniels Free Throw 1 of 2 (16 PTS),Free Throw,Free Throw 1 of 2,1,0,408
0022401210,544,PT08M26.00S,4,1610612750,MIN,1630183,McDaniels,J. McDaniels,0,0,0,,0,,,0,h,MISS McDaniels Free Throw 2 of 2,Free Throw,Free Throw 2 of 2,1,0,409
0022401210,545,PT08M25.00S,4,1610612747,LAL,1626156,Russell,D. Russell,0,0,0,,0,,,0,v,Russell REBOUND (Off:0 Def:3),Rebound,Unknown,1,0,410
0022401210,546,PT08M11.00S,4,1610612747,LAL,1629629,Reddish,C. Reddish,227,48,0,Missed,1,,,0,v,MISS Reddish 3PT Jump Shot,Missed Shot,Jump Shot,1,3,411
0022401210,547,PT08M09.00S,4,1610612750,MIN,1630183,McDaniels,J. McDaniels,0,0,0,,0,,,0,h,McDaniels REBOUND (Off:1 Def:6),Rebound,Unknown,1,0,412
0022401210,548,PT07M47.00S,4,1610612750,MIN,203944,Randle,J. Randle,34,74,8,Missed,1,,,0,h,MISS Randle 8' Turnaround Jump Shot,Missed Shot,Turnaround Jump Shot,1,2,413
0022401210,549,PT07M45.00S,4,1610612747,LAL,1631132,Koloko,C. Koloko,0,0,0,,0,,,0,v,Koloko REBOUND (Off:0 Def:6),Rebound,Unknown,1,0,414
0022401210,550,PT07M29.00S,4,1610612747,LAL,1626156,Russell,D. Russell,-47,42,6,Missed,1,,,0,v,MISS Russell 6' Driving Floating Bank Jump Shot,Missed Shot,Driving Floating Bank Jump Shot,1,2,415
0022401210,550,PT07M29.00S,4,1610612750,MIN,1630183,McDaniels,J. McDaniels,0,0,0,,0,,,0,h,McDaniels BLOCK (1 BLK),,,1,2,416
0022401210,551,PT07M27.00S,4,1610612750,MIN,1629638,Alexander-Walker,N. Alexander-Walker,0,0,0,,0,,,0,h,Alexander-Walker REBOUND (Off:0 Def:2),Rebound,Unknown,1,0,417
0022401210,552,PT07M18.00S,4,1610612750,MIN,1629638,Alexander-Walker,N. Alexander-Walker,-10,22,2,Made,1,83,75,158,h,Alexander-Walker 2' Alley Oop Layup (2 PTS) (Randle 3 AST),Made Shot,Alley Oop Layup shot,1,2,418
0022401210,554,PT07M00.00S,4,1610612747,LAL,1629216,Vincent,G. Vincent,16,31,3,Missed,1,,,0,v,MISS Vincent 3' Cutting Layup Shot,Missed Shot,Cutting Layup Shot,1,2,419
0022401210,554,PT07M00.00S,4,1610612750,MIN,1630183,McDaniels,J. McDaniels,0,0,0,,0,,,0,h,McDaniels BLOCK (2 BLK),,,1,2,420
0022401210,556,PT06M58.00S,4,1610612750,MIN,1629675,Reid,N. Reid,0,0,0,,0,,,0,h,Reid REBOUND (Off:1 Def:4),Rebound,Unknown,1,0,421
0022401210,557,PT06M57.00S,4,1610612750,MIN,1629675,Reid,N. Reid,0,0,0,,0,,,0,h,Reid Lost Ball Turnover (P2.T13),Turnover,Lost Ball,1,0,422
0022401210,557,PT06M57.00S,4,1610612747,LAL,1629629,Reddish,C. Reddish,0,0,0,,0,,,0,v,Reddish STEAL (2 STL),,,1,0,423
0022401210,559,PT06M53.00S,4,1610612747,LAL,1629629,Reddish,C. Reddish,0,0,0,,0,,,0,v,Reddish Out of Bounds Lost Ball Turnover (P1.T19),Turnover,Out of Bounds Lost Ball Turnover,1,0,424
0022401210,560,PT06M53.00S,4,1610612750,MIN,1628978,DiVincenzo,D. DiVincenzo,0,0,0,,0,,,0,h,SUB: Edwards FOR DiVincenzo,Substitution,,0,0,425
0022401210,561,PT06M53.00S,4,1610612750,MIN,1629638,Alexander-Walker,N. Alexander-Walker,0,0,0,,0,,,0,h,SUB: Conley FOR Alexander-Walker,Substitution,,0,0,426
0022401210,562,PT06M53.00S,4,1610612750,MIN,1629675,Reid,N. Reid,0,0,0,,0,,,0,h,SUB: Gobert FOR Reid,Substitution,,0,0,427
0022401210,563,PT06M53.00S,4,1610612747,LAL,1631132,Koloko,C. Koloko,0,0,0,,0,,,0,v,SUB: Davis FOR Koloko,Substitution,,0,0,428
0022401210,568,PT06M37.00S,4,1610612750,MIN,1630162,Edwards,A. Edwards,159,196,25,Missed,1,,,0,h,MISS Edwards 25' 3PT Pullup Jump Shot,Missed Shot,Pullup Jump shot,1,3,429
0022401210,569,PT06M33.00S,4,1610612747,LAL,1629060,Hachimura,R. Hachimura,0,0,0,,0,,,0,v,Hachimura REBOUND (Off:2 Def:4),Rebound,Unknown,1,0,430
0022401210,570,PT06M20.00S,4,1610612747,LAL,203076,Davis,A. Davis,-23,120,12,Missed,1,,,0,v,MISS Davis 12' Step Back Jump Shot,Missed Shot,Step Back Jump shot,1,2,431
0022401210,571,PT06M18.00S,4,1610612750,MIN,1630183,McDaniels,J. McDaniels,0,0,0,,0,,,0,h,McDaniels REBOUND (Off:1 Def:7),Rebound,Unknown,1,0,432
0022401210,572,PT06M10.00S,4,1610612750,MIN,1630162,Edwards,A. Edwards,-11,28,3,Missed,1,,,0,h,MISS Edwards 3' Driving Layup,Missed Shot,Driving Layup Shot,1,2,433
0022401210,572,PT06M10.00S,4,1610612747,LAL,203076,Davis,A. Davis,0,0,0,,0,,,0,v,Davis BLOCK (3 BLK),,,1,2,434
0022401210,574,PT06M07.00S,4,1610612747,LAL,203076,Davis,A. Davis,0,0,0,,0,,,0,v,Davis REBOUND (Off:2 Def:7),Rebound,Unknown,1,0,435
0022401210,575,PT06M01.00S,4,0,,1610612747,,,0,0,0,,0,,,0,v,Lakers Timeout: Regular (Reg.4 Short 0),Timeout,Regular,0,0,436
0022401210,577,PT06M01.00S,4,1610612747,LAL,1626156,Russell,D. Russell,0,0,0,,0,,,0,v,SUB: Christie FOR Russell,Substitution,,0,0,437
0022401210,578,PT06M01.00S,4,1610612747,LAL,1629629,Reddish,C. Reddish,0,0,0,,0,,,0,v,SUB: Reaves FOR Reddish,Substitution,,0,0,438
0022401210,581,PT05M52.00S,4,1610612747,LAL,203076,Davis,A. Davis,27,4,3,Made,1,83,77,160,v,Davis 3' Driving Reverse Layup (20 PTS) (Reaves 5 AST),Made Shot,Driving Reverse Layup Shot,1,2,439
0022401210,583,PT05M29.00S,4,1610612750,MIN,203944,Randle,J. Randle,60,243,25,Missed,1,,,0,h,MISS Randle 25' 3PT Jump Shot,Missed Shot,Jump Shot,1,3,440
0022401210,584,PT05M26.00S,4,1610612750,MIN,203497,Gobert,R. Gobert,0,0,0,,0,,,0,h,Gobert REBOUND (Off:5 Def:6),Rebound,Unknown,1,0,441
0022401210,585,PT05M16.00S,4,1610612750,MIN,1630162,Edwards,A. Edwards,10,18,2,Missed,1,,,0,h,MISS Edwards 2' Driving Layup,Missed Shot,Driving Layup Shot,1,2,442
0022401210,586,PT05M12.00S,4,1610612747,LAL,203076,Davis,A. Davis,0,0,0,,0,,,0,v,Davis REBOUND (Off:2 Def:8),Rebound,Unknown,1,0,443
0022401210,587,PT05M06.00S,4,1610612747,LAL,1630559,Reaves,A. Reaves,138,208,25,Missed,1,,,0,v,MISS Reaves 25' 3PT Step Back Jump Shot,Missed Shot,Step Back Jump shot,1,3,444
0022401210,588,PT05M03.00S,4,1610612750,MIN,1630183,McDaniels,J. McDaniels,0,0,0,,0,,,0,h,McDaniels REBOUND (Off:1 Def:8),Rebound,Unknown,1,0,445
0022401210,589,PT04M53.00S,4,1610612750,MIN,1630162,Edwards,A. Edwards,71,197,21,Made,1,85,77,162,h,Edwards 21' Pullup Jump Shot (20 PTS) (Gobert 2 AST),Made Shot,Pullup Jump shot,1,2,446
0022401210,591,PT04M29.00S,4,1610612747,LAL,1631108,Christie,M. Christie,0,0,0,,0,,,0,v,Christie Lost Ball Turnover (P4.T20),Turnover,Lost Ball,1,0,447
0022401210,591,PT04M29.00S,4,1610612750,MIN,1630162,Edwards,A. Edwards,0,0,0,,0,,,0,h,Edwards STEAL (1 STL),,,1,0,448
0022401210,600,PT04M14.00S,4,1610612750,MIN,203944,Randle,J. Randle,-28,86,9,Missed,1,,,0,h,MISS Randle 9' Turnaround Jump Shot,Missed Shot,Turnaround Jump Shot,1,2,449
0022401210,600,PT04M14.00S,4,1610612747,LAL,1629216,Vincent,G. Vincent,0,0,0,,0,,,0,v,Vincent BLOCK (1 BLK),,,1,2,450
0022401210,601,PT04M12.00S,4,1610612747,LAL,203076,Davis,A. Davis,0,0,0,,0,,,0,v,Davis REBOUND (Off:2 Def:9),Rebound,Unknown,1,0,451
0022401210,595,PT04M07.00S,4,1610612747,LAL,1629060,Hachimura,R. Hachimura,10,6,1,Made,1,85,79,164,v,Hachimura 1' Running Dunk (9 PTS) (Reaves 6 AST),Made Shot,Running Dunk Shot,1,2,452
0022401210,597,PT03M41.00S,4,1610612747,LAL,1629216,Vincent,G. Vincent,0,0,0,,0,,,0,v,Vincent P.FOUL (P3.T3) (A.Smith),Foul,Personal,1,0,453
0022401210,599,PT03M41.00S,4,0,,1610612750,,,0,0,0,,0,,,0,h,TIMBERWOLVES Timeout: Regular (Full 5 Short 0),Timeout,Regular,0,0,454
0022401210,602,PT03M41.00S,4,1610612747,LAL,1629216,Vincent,G. Vincent,0,0,0,,0,,,0,v,SUB: Russell FOR Vincent,Substitution,,0,0,455
0022401210,604,PT03M35.00S,4,1610612747,LAL,1629060,Hachimura,R. Hachimura,0,0,0,,0,,,0,v,Hachimura P.FOUL (P2.T4) (A.Smith),Foul,Personal,1,0,456
0022401210,606,PT03M23.00S,4,1610612750,MIN,1630162,Edwards,A. Edwards,-154,152,22,Missed,1,,,0,h,MISS Edwards 22' Step Back Jump Shot,Missed Shot,Step Back Jump shot,1,2,457
0022401210,607,PT03M20.00S,4,1610612747,LAL,1626156,Russell,D. Russell,0,0,0,,0,,,0,v,Russell REBOUND (Off:0 Def:4),Rebound,Unknown,1,0,458
0022401210,608,PT03M06.00S,4,1610612747,LAL,1626156,Russell,D. Russell,229,-8,0,Missed,1,,,0,v,MISS Russell 3PT Jump Shot,Missed Shot,Jump Shot,1,3,459
0022401210,609,PT03M03.00S,4,1610612750,MIN,203497,Gobert,R. Gobert,0,0,0,,0,,,0,h,Gobert REBOUND (Off:5 Def:7),Rebound,Unknown,1,0,460
0022401210,610,PT02M44.00S,4,1610612750,MIN,203497,Gobert,R. Gobert,-22,9,2,Made,1,87,79,166,h,Gobert 2' Cutting Layup Shot (11 PTS) (Conley 7 AST),Made Shot,Cutting Layup Shot,1,2,461
0022401210,612,PT02M33.00S,4,1610612747,LAL,203076,Davis,A. Davis,-93,234,25,Made,1,87,82,169,v,Davis 25' 3PT Pullup Jump Shot (23 PTS),Made Shot,Pullup Jump shot,1,3,462
0022401210,613,PT02M13.00S,4,1610612750,MIN,201144,Conley,M. Conley,134,207,25,Missed,1,,,0,h,MISS Conley 25' 3PT Pullup Jump Shot,Missed Shot,Pullup Jump shot,1,3,463
0022401210,614,PT02M06.00S,4,1610612747,LAL,1629060,Hachimura,R. Hachimura,0,0,0,,0,,,0,v,Hachimura REBOUND (Off:2 Def:5),Rebound,Unknown,1,0,464
0022401210,615,PT02M05.00S,4,1610612747,LAL,1629060,Hachimura,R. Hachimura,0,0,0,,0,,,0,v,Hachimura Lost Ball Turnover (P3.T21),Turnover,Lost Ball,1,0,465
0022401210,615,PT02M05.00S,4,1610612750,MIN,203944,Randle,J. Randle,0,0,0,,0,,,0,h,Randle STEAL (1 STL),,,1,0,466
0022401210,617,PT02M03.00S,4,1610612750,MIN,1630183,McDaniels,J. McDaniels,9,21,2,Made,1,89,82,171,h,McDaniels 2' Layup (18 PTS),Made Shot,Layup Shot,1,2,467
0022401210,619,PT01M44.00S,4,1610612747,LAL,1626156,Russell,D. Russell,-93,229,25,Missed,1,,,0,v,MISS Russell 25' 3PT Jump Shot,Missed Shot,Jump Shot,1,3,468
0022401210,620,PT01M41.00S,4,1610612747,LAL,1630559,Reaves,A. Reaves,0,0,0,,0,,,0,v,Reaves REBOUND (Off:2 Def:4),Rebound,Unknown,1,0,469
0022401210,621,PT01M40.00S,4,1610612747,LAL,1626156,Russell,D. Russell,-112,221,25,Missed,1,,,0,v,MISS Russell 25' 3PT Jump Shot,Missed Shot,Jump Shot,1,3,470
0022401210,622,PT01M37.00S,4,1610612750,MIN,1630162,Edwards,A. Edwards,0,0,0,,0,,,0,h,Edwards REBOUND (Off:1 Def:4),Rebound,Unknown,1,0,471
0022401210,623,PT01M37.00S,4,1610612747,LAL,1630559,Reaves,A. Reaves,0,0,0,,0,,,0,v,Reaves P.FOUL (P2.PN) (P.Ransom),Foul,Personal,1,0,472
0022401210,625,PT01M37.00S,4,1610612750,MIN,1630162,Edwards,A. Edwards,0,0,0,,0,90,82,172,h,Edwards Free Throw 1 of 2 (21 PTS),Free Throw,Free Throw 1 of 2,1,0,473
0022401210,626,PT01M37.00S,4,1610612750,MIN,1630162,Edwards,A. Edwards,0,0,0,,0,,,0,h,MISS Edwards Free Throw 2 of 2,Free Throw,Free Throw 2 of 2,0,0,474
0022401210,627,PT01M34.00S,4,1610612750,MIN,1630162,Edwards,A. Edwards,0,0,0,,0,,,0,h,Edwards REBOUND (Off:2 Def:4),Rebound,Unknown,0,0,475
0022401210,628,PT01M34.00S,4,1610612747,LAL,1630559,Reaves,A. Reaves,0,0,0,,0,,,0,v,Reaves P.FOUL (P3.PN) (M.Davis),Foul,Personal,1,0,476
0022401210,630,PT01M34.00S,4,1610612750,MIN,1630162,Edwards,A. Edwards,0,0,0,,0,91,82,173,h,Edwards Free Throw 1 of 2 (22 PTS),Free Throw,Free Throw 1 of 2,1,0,477
0022401210,631,PT01M34.00S,4,1610612750,MIN,1630162,Edwards,A. Edwards,0,0,0,,0,92,82,174,h,Edwards Free Throw 2 of 2 (23 PTS),Free Throw,Free Throw 2 of 2,1,0,478
0022401210,632,PT01M26.00S,4,1610612747,LAL,1630559,Reaves,A. Reaves,67,87,11,Missed,1,,,0,v,MISS Reaves 11' Pullup Jump Shot,Missed Shot,Pullup Jump shot,1,2,479
0022401210,633,PT01M24.00S,4,1610612750,MIN,203497,Gobert,R. Gobert,0,0,0,,0,,,0,h,Gobert REBOUND (Off:5 Def:8),Rebound,Unknown,1,0,480
0022401210,634,PT01M24.00S,4,1610612747,LAL,1630559,Reaves,A. Reaves,0,0,0,,0,,,0,v,Reaves P.FOUL (P4.PN) (M.Davis),Foul,Personal,1,0,481
0022401210,636,PT01M24.00S,4,1610612750,MIN,203497,Gobert,R. Gobert,0,0,0,,0,,,0,h,MISS Gobert Free Throw 1 of 2,Free Throw,Free Throw 1 of 2,1,0,482
0022401210,637,PT01M24.00S,4,0,,1610612750,,,0,0,0,,0,,,0,h,TIMBERWOLVES Rebound,Rebound,Normal Rebound,1,0,483
0022401210,638,PT01M24.00S,4,1610612750,MIN,203497,Gobert,R. Gobert,0,0,0,,0,93,82,175,h,Gobert Free Throw 2 of 2 (12 PTS),Free Throw,Free Throw 2 of 2,1,0,484
0022401210,639,PT01M24.00S,4,0,,1610612747,,,0,0,0,,0,,,0,v,Lakers Timeout: Regular (Reg.5 Short 0),Timeout,Regular,0,0,485
0022401210,640,PT01M24.00S,4,1610612747,LAL,1629060,Hachimura,R. Hachimura,0,0,0,,0,,,0,v,SUB: Vincent FOR Hachimura,Substitution,,0,0,486
0022401210,642,PT01M24.00S,4,1610612750,MIN,1630162,Edwards,A. Edwards,0,0,0,,0,,,0,h,SUB: Alexander-Walker FOR Edwards,Substitution,,0,0,487
0022401210,644,PT01M21.00S,4,1610612747,LAL,1631108,Christie,M. Christie,232,10,0,Made,1,93,85,178,v,Christie 3PT Jump Shot (13 PTS) (Vincent 2 AST),Made Shot,Jump Shot,1,3,488
0022401210,646,PT01M19.00S,4,1610612747,LAL,1629216,Vincent,G. Vincent,0,0,0,,0,,,0,v,Vincent Personal Take Foul (P4.PN) (M.Davis),Foul,Personal Take,1,0,489
0022401210,648,PT01M19.00S,4,1610612750,MIN,201144,Conley,M. Conley,0,0,0,,0,94,85,179,h,Conley Free Throw 1 of 2 (1 PTS),Free Throw,Free Throw 1 of 2,1,0,490
0022401210,649,PT01M19.00S,4,1610612750,MIN,201144,Conley,M. Conley,0,0,0,,0,95,85,180,h,Conley Free Throw 2 of 2 (2 PTS),Free Throw,Free Throw 2 of 2,1,0,491
0022401210,650,PT01M09.00S,4,1610612747,LAL,203076,Davis,A. Davis,-32,240,24,Missed,1,,,0,v,MISS Davis 24' 3PT Jump Shot,Missed Shot,Jump Shot,1,3,492
0022401210,651,PT01M05.00S,4,1610612750,MIN,1629638,Alexander-Walker,N. Alexander-Walker,0,0,0,,0,,,0,h,Alexander-Walker REBOUND (Off:0 Def:3),Rebound,Unknown,1,0,493
0022401210,652,PT01M00.00S,4,1610612747,LAL,1630559,Reaves,A. Reaves,0,0,0,,0,,,0,v,Reaves P.FOUL (P5.PN) (P.Ransom),Foul,Personal,1,0,494
0022401210,654,PT01M00.00S,4,1610612750,MIN,203944,Randle,J. Randle,0,0,0,,0,96,85,181,h,Randle Free Throw 1 of 2 (20 PTS),Free Throw,Free Throw 1 of 2,1,0,495
0022401210,655,PT01M00.00S,4,1610612750,MIN,203944,Randle,J. Randle,0,0,0,,0,97,85,182,h,Randle Free Throw 2 of 2 (21 PTS),Free Throw,Free Throw 2 of 2,1,0,496
0022401210,656,PT00M55.20S,4,1610612750,MIN,203944,Randle,J. Randle,0,0,0,,0,,,0,h,Randle S.FOUL (P5.T2) (P.Ransom),Foul,Shooting,1,0,497
0022401210,658,PT00M55.20S,4,1610612747,LAL,1631108,Christie,M. Christie,0,0,0,,0,97,86,183,v,Christie Free Throw 1 of 2 (14 PTS),Free Throw,Free Throw 1 of 2,1,0,498
0022401210,659,PT00M55.20S,4,1610612747,LAL,1626156,Russell,D. Russell,0,0,0,,0,,,0,v,SUB: Reddish FOR Russell,Substitution,,0,0,499
0022401210,661,PT00M55.20S,4,1610612747,LAL,1631108,Christie,M. Christie,0,0,0,,0,97,87,184,v,Christie Free Throw 2 of 2 (15 PTS),Free Throw,Free Throw 2 of 2,1,0,500
0022401210,662,PT00M31.20S,4,1610612750,MIN,1630183,McDaniels,J. McDaniels,0,0,0,,0,,,0,h,McDaniels Traveling Turnover (P2.T14),Turnover,Traveling,1,0,501
0022401210,663,PT00M31.20S,4,1610612747,LAL,203076,Davis,A. Davis,0,0,0,,0,,,0,v,SUB: Knecht FOR Davis,Substitution,,0,0,502
0022401210,664,PT00M31.20S,4,1610612747,LAL,1630559,Reaves,A. Reaves,0,0,0,,0,,,0,v,SUB: Koloko FOR Reaves,Substitution,,0,0,503
0022401210,667,PT00M18.00S,4,1610612747,LAL,1629629,Reddish,C. Reddish,0,0,0,,0,,,0,v,Reddish Bad Pass Turnover (P2.T22),Turnover,Bad Pass,1,0,504
0022401210,667,PT00M18.00S,4,1610612750,MIN,1629638,Alexander-Walker,N. Alexander-Walker,0,0,0,,0,,,0,h,Alexander-Walker STEAL (1 STL),,,1,0,505
0022401210,669,PT00M00.00S,4,0,,0,,,0,0,0,,0,97,87,184,,End of 4th Period (10:19 PM EST),period,end,1,0,506
